record,matched_files
instrumented_s10,51
instrumented_s11,51
instrumented_s12,51
instrumented_s13,51
instrumented_s14,51
instrumented_s15,51
profile_native:0,51
profile_native:1,51
profile_native:2,51
profile_native:3,51
profile_native:4,51
profile_native:5,51
profile_eager:0,51
profile_eager:1,51
profile_eager:2,51
profile_eager:3,51
profile_eager:4,51
profile_eager:5,51
cuda fixture,51
trace raw,51
trace checked,51
trace eager,51
trace captured,51
room_eager_a,51
room_eager_b,51
room_instrumented,51
room_native_raw,51
room_native_instrumented,51
