arm,env_seed,neural_seed,gpu,feeding_s,fed_at_least_1s,first_feed_s,final_energy,airborne_s,min_fruit_distance_m,mean_abs_goal_offset_deg,first_feed_censored,mean_orn_rate_L,mean_orn_rate_R,mean_DNa02_L,mean_DNa02_R,mean_target_DNa02_difference,mean_PFL3_input_difference,mean_bilateral,mean_orn_difference_hz,temporal_sd_orn_difference_hz,mean_DNa02_difference_hz,mean_abs_tracking_error_hz,mean_physical_contrast,temporal_sd_filtered_contrast
full,0,31,4,14.559999999999734,True,13.07,0.7998098148701863,0.2700000000000001,-0.07217821737172776,18.110533495189436,False,5.920086927811305,5.9094984237353,0.0,0.6578841658279433,-0.6596579034253955,-3.7052265783647695,0.0007776555478267255,0.010588504076004028,0.26528564764656715,-0.6578841658279433,0.5146024113520656,0.0007730481710083871,0.001881349483663186
full,1,32,5,14.999999999999725,True,23.240000000000002,0.8491541424349933,0.26000000000000006,-0.005224282938030273,22.213716202674412,False,5.672148238817851,5.629846268892289,0.056803986744415565,0.2639108448058156,-0.14835741490125656,-1.407668985615795,0.003311716295517423,0.04230196992556254,0.2613359552804216,-0.2071068580614,0.47576171518778126,0.003354506114253483,0.011133733349802246
full,2,33,7,14.999999999999725,True,24.09,0.8551045140740742,1.290000000000001,-0.01646736414633536,22.427761515316988,False,5.251338982482751,5.232955953677496,0.06356277528134789,1.2983499972564796,-1.2281891581167776,-6.913978498801589,0.0028568067633811247,0.01838302880525589,0.30135079779945445,-1.234787221975132,1.1692821719548552,0.0024427354909592964,0.019633934947827066
full,3,34,5,14.999999999999725,True,28.96,0.8757966869393146,0.0,0.007355600440078429,26.71663237695444,False,7.509833965301514,7.486226663986842,0.6815632225567698,0.8093257217392755,-0.10919081554127236,0.24103428582350414,0.0016236339447967415,0.023607301314671834,0.30699241963986995,-0.1277624991825057,1.3190280739763205,0.0015919995602577662,0.003308459909753822
full,4,35,6,14.28999999999974,True,9.93,0.7844080515579872,0.5900000000000003,-0.007356978723938999,36.80293700292385,False,5.748226583401362,5.708669093847274,0.5250586018307332,0.12780693199666082,0.404045460584263,1.9818835750222206,0.0034253338186722242,0.03955748955408732,0.2693599656736599,0.39725166983407245,0.6009056827383688,0.0032832784043171164,0.011124778736514738
full,5,36,4,14.999999999999725,True,29.63,0.8791835542598385,0.24000000000000007,-0.004901895334380011,20.772616850567744,False,4.777035240332285,4.775152300794919,0.16224581816077827,0.46673592851015777,-0.2918291952647269,-1.8935501974821092,-0.0035252699280661185,0.0018829395373662313,0.24395059360563012,-0.30449011034937956,0.7469236177317515,-0.0034533492434014462,0.01072856666757059
transduced,0,31,5,0.0,False,,0.0,1.350000000000001,0.039402441648772185,63.31799269798044,True,1.6286214206616083,1.6302858701348304,1.5093998387003564,1.271317799201138,0.2757383236847818,1.2550655123094718,0.00029506790234412015,-0.0016644494732220968,0.1443322814407451,0.23808203949921874,3.845765139963525,0.00013035649334848032,0.024252955349098777
transduced,1,32,7,0.0,False,,0.0,1.0400000000000007,0.18937604059300037,62.97219129271581,True,1.5577895680069924,1.5455780492226283,1.7276772045017188,0.897937917827727,0.7042081953779173,2.0287388529380164,0.003622541175695915,0.012211518784364064,0.13635430836551732,0.8297392866739921,3.957143441826662,-0.00047819479489934213,0.023024871240421987
transduced,2,33,4,0.0,False,,0.0,1.0700000000000007,0.05686246200892812,67.50205758218215,True,1.6249688657124837,1.6324902271231017,0.914359257529107,1.0486746063688814,-0.1712060526261727,-1.6181742817163467,-0.003016712701052408,-0.007521361410617829,0.1476633787227069,-0.13431534883977467,3.660676324730821,-0.0005514207754564995,0.026540765657955604
transduced,3,34,6,0.12999999999999998,False,31.490000000000002,0.0,0.3200000000000001,-0.011301960943116956,52.72853722993455,False,5.475301056106885,5.460541406273842,3.1541429686541522,2.2908899875634092,0.7643874570168555,2.0047043135762213,0.0014646842222875496,0.014759649833043417,0.2572393731473832,0.8632529810907428,5.608248247015407,0.0009454702884087365,0.013416516154365817
transduced,4,35,4,14.519999999999735,True,12.55,0.7959594504523453,0.0,0.00627497797444466,54.23239149180693,False,6.516648378372192,6.4472158428033195,0.7080360175062256,0.3536399095476427,0.22024645403027535,0.6679700845479966,0.005644734142806556,0.06943253556887309,0.2886842772857414,0.35439610795858284,1.1776214278485146,0.008072123627830925,0.013153915589491572
transduced,5,36,5,0.0,False,,0.0,0.8700000000000006,0.29660731306623545,66.8383974952027,True,1.3053616189956665,1.292542349100113,0.5328547616594961,0.3052770080801972,0.22659819935943232,0.9618540366490682,0.0037941711809988494,0.012819269895553589,0.12887142093484824,0.2275777535792989,2.3092425504454575,-0.00015057787198387244,0.026761490216559485
goal_only,0,31,6,0.0,False,,0.0,1.260000000000001,0.039402441648772185,5.480446635793868,True,1.6417875372370083,1.6438238310813904,0.12035523987502492,0.11555887071653444,0.37103598832773665,0.7420719766554733,0.0002648159700265751,-0.002036293844381968,0.1441484831504013,0.004796369158490466,0.7567564977522406,0.00026727128859354985,0.00045680305227762633
goal_only,1,32,4,14.999999999999725,True,34.32,0.9004656412832964,0.0,0.007826208512883206,46.507155754149146,False,6.287036351362864,6.325319282809893,0.02415724580376608,0.6892025216187687,-2.8821607262144484,-5.764321452428897,-0.010684026221206296,-0.038282931447029114,0.2865879905791134,-0.6650452758150027,2.388795189976283,-0.010729778225527219,0.014238654116284572
goal_only,2,33,6,0.0,False,,0.0,0.8800000000000006,0.05686246200892812,5.938841715921216,True,1.557763932844003,1.5609060328205426,0.09225765917480455,0.0666562214475566,-0.22953684970736504,-0.4590736994147301,5.047642419716188e-07,-0.003142099976539612,0.14797741187982236,0.02560143772724795,0.7166159012776813,2.2806779168504236e-06,0.0006841503221586868
goal_only,3,34,7,14.999999999999725,True,25.2,0.8585330733764163,0.38000000000000017,-0.012386053776248684,16.892814545319947,False,6.483500099579493,6.483351977467537,0.20786894076999093,0.05751819266536933,1.178590438514948,2.357180877029896,-0.00022592888639943947,0.0001481221119562785,0.2892674536816884,0.15035074810462162,1.1913049060445549,-0.0002748200187440895,0.001707950431627766
goal_only,4,35,5,14.699999999999731,True,14.82,0.8082860822894625,0.2700000000000001,0.001963318527062009,41.39560704319445,False,6.158353197574615,6.089328785737355,0.46481220266889994,0.033691180318639956,1.5989108056823413,3.1978216113646827,0.007576206506540378,0.06902441183725992,0.307896104659461,0.43112102235025995,1.2472486089896468,0.008582344746718703,0.02471681348270803
goal_only,5,36,7,0.0,False,,0.0,0.8100000000000005,0.29660731306623545,7.263919888661749,True,1.22213801831007,1.2120677796999613,0.0,0.1023554985670792,-0.28744157039870816,-0.5748831407974163,-0.0005627103209068688,0.010070238610108693,0.12201969638337493,-0.1023554985670792,0.3581868217275895,-0.0005617144465470429,0.000631514942591361
