# expected_responses.csv -- the interpretability toolkit's expectation ledger (flyverse/interp/ledger.py,
# scripts/interp_ledger.py, docs/INTERP.md 4.7, docs/audits/interp_ledger.md).
#
# One row = one expectation about a named population's response to a named stimulus, with the literature citation it
# comes from (`source`), the file that measured it in THIS model (`model_reference`) and the criterion the
# measurement has to meet (`op` applied to `bound`). `expected` is the reference value, as scripts/benchmark.py's
# Ref.value is; it is never the criterion. Nothing in the model is tuned to a row here: a FAIL is a localization task
# for trace / lesion / paths, not a knob.
#
# columns
#   row_id           stable id '<family>.<population>.<quantity>'
#   population       flyverse.interp.common selection grammar (resolved for n_cells / bodyIds and the export)
#   label            the short name probe files use for the population; the match key (blank = use `population`)
#   stimulus         protocol id: the reader of each source file emits the same ids
#   quantity         the measured quantity; a trailing '@z' means 'score the z against the none-vs-none null arm'
#   expected         the reference value (literature where one exists, else this model's measured reference)
#   op               > < >= <= == abs>= abs<= sign range notnone is report   ('report' = record, never a verdict)
#   bound            the criterion value ('lo,hi' for range; +1 / -1 for sign)
#   unit
#   gap              1 = a documented model deficit: failing prints KNOWN GAP, meeting it PASS (gap closed)
#   check_key        the scripts/benchmark.py REFERENCES key this row mirrors (the two statuses must agree)
#   requires         another row_id this row is conditional on: unless that row PASSes in the same arm the status is
#                    NOT_APPLICABLE (a bump rate means nothing in an arm whose bump does not survive)
#   source           the literature citation
#   model_reference  the audit / session / output file that measured it here
#   notes
row_id,population,label,stimulus,quantity,expected,op,bound,unit,gap,check_key,requires,source,model_reference,notes
motion.T4a.dsi,T4a,,motion,dsi,0.17,>=,0.1,index,0,,,"Maisak et al. 2013, Nature 500:212 (T4 and T5 are direction selective; four subtypes each, tuned to the four cardinal directions)","scripts/benchmark.py motion section, out/benchmark_suite.json; docs/NOTES.md sessions 3 and 8",
motion.T4b.dsi,T4b,,motion,dsi,0.30,>=,0.1,index,0,,,"Maisak et al. 2013, Nature 500:212","scripts/benchmark.py motion section, out/benchmark_suite.json",
motion.T4c.dsi,T4c,,motion,dsi,0.22,>=,0.1,index,0,,,"Maisak et al. 2013, Nature 500:212","scripts/benchmark.py motion section, out/benchmark_suite.json",
motion.T4d.dsi,T4d,,motion,dsi,0.25,>=,0.1,index,0,,,"Maisak et al. 2013, Nature 500:212","scripts/benchmark.py motion section, out/benchmark_suite.json",
motion.T5a.dsi,T5a,,motion,dsi,0.39,>=,0.1,index,0,,,"Maisak et al. 2013, Nature 500:212","scripts/benchmark.py motion section, out/benchmark_suite.json",
motion.T5b.dsi,T5b,,motion,dsi,0.25,>=,0.1,index,0,,,"Maisak et al. 2013, Nature 500:212","scripts/benchmark.py motion section, out/benchmark_suite.json",
motion.T5c.dsi,T5c,,motion,dsi,0.23,>=,0.1,index,0,,,"Maisak et al. 2013, Nature 500:212","scripts/benchmark.py motion section, out/benchmark_suite.json",
motion.T5d.dsi,T5d,,motion,dsi,0.20,>=,0.1,index,0,,,"Maisak et al. 2013, Nature 500:212","scripts/benchmark.py motion section, out/benchmark_suite.json",
motion.T4a.direction,T4a,,motion,preferred_direction,front->back,is,front->back,direction,0,,,"Maisak et al. 2013, Nature 500:212 (T4a/T5a front-to-back, b back-to-front, c up, d down)","scripts/benchmark.py motion section, out/benchmark_suite.json",
motion.T4b.direction,T4b,,motion,preferred_direction,back->front,is,back->front,direction,0,,,"Maisak et al. 2013, Nature 500:212","scripts/benchmark.py motion section, out/benchmark_suite.json",
motion.T4c.direction,T4c,,motion,preferred_direction,up,is,up,direction,0,,,"Maisak et al. 2013, Nature 500:212","scripts/benchmark.py motion section, out/benchmark_suite.json",
motion.T4d.direction,T4d,,motion,preferred_direction,down,is,down,direction,0,,,"Maisak et al. 2013, Nature 500:212","scripts/benchmark.py motion section, out/benchmark_suite.json",
motion.T5a.direction,T5a,,motion,preferred_direction,front->back,is,front->back,direction,0,,,"Maisak et al. 2013, Nature 500:212","scripts/benchmark.py motion section, out/benchmark_suite.json",
motion.T5b.direction,T5b,,motion,preferred_direction,back->front,is,back->front,direction,0,,,"Maisak et al. 2013, Nature 500:212","scripts/benchmark.py motion section, out/benchmark_suite.json",
motion.T5c.direction,T5c,,motion,preferred_direction,up,is,up,direction,0,,,"Maisak et al. 2013, Nature 500:212","scripts/benchmark.py motion section, out/benchmark_suite.json",
motion.T5d.direction,T5d,,motion,preferred_direction,down,is,down,direction,0,,,"Maisak et al. 2013, Nature 500:212","scripts/benchmark.py motion section, out/benchmark_suite.json",
motion.T4_T5.min_dsi,type:T4a|T4b|T4c|T4d|T5a|T5b|T5c|T5d,T4/T5,motion,min_dsi,0.16,>=,0.1,index,0,motion.min_dsi,,"Maisak et al. 2013, Nature 500:212",scripts/benchmark.py REFERENCES motion.min_dsi,"60 deg/s, 30 deg grating"
motion.T4_T5.correct_directions,type:T4a|T4b|T4c|T4d|T5a|T5b|T5c|T5d,T4/T5,motion,correct_directions,8,==,8,count,0,motion.correct_directions,,"Maisak et al. 2013, Nature 500:212",scripts/benchmark.py REFERENCES motion.correct_directions,
loom.DNp01.rate_peak_hz,DNp01,,loom_left,rate_peak_hz,26,>=,20,Hz,0,loom.GF_peak_hz,,"von Reyn et al. 2014, Nat Neurosci 17:962 (the giant fibre fires a short burst to a looming object and triggers the short-mode escape)",scripts/benchmark.py REFERENCES loom.GF_peak_hz; scripts/probe_loom.py (out/loom*.txt),
loom.DNp01.rate_peak_hz_demo,DNp01,,loom_demo,rate_peak_hz,41,>=,33,Hz,0,loom_escape.GF_peak_hz,,"von Reyn et al. 2014, Nat Neurosci 17:962",scripts/benchmark.py REFERENCES loom_escape.GF_peak_hz (session 9),"bound = the live benchmark.py criterion (>= 33, body.Flight.gf_hz); out/benchmark_suite.json predates session 9 and stores reference 46 / criterion >= 38, so the ledger flags it battery_criterion_same=False. Bistable at the threshold: quote >= 6 seeds"
loom.body.escapes,body,body,loom_demo,escapes,1,>=,1,seeds,0,loom_escape.escapes,,"von Reyn et al. 2014, Nat Neurosci 17:962 (GF activation produces a short-latency takeoff)",scripts/benchmark.py REFERENCES loom_escape.escapes,
loom.DNp01.escape_range_cm,DNp01,,loom_left,escape_range_cm,3.5,notnone,0,cm,0,loom.escape_cm,,"von Reyn et al. 2014, Nat Neurosci 17:962",scripts/benchmark.py REFERENCES loom.escape_cm; scripts/probe_loom.py,
loom.DNp01.escape_latency_ms,DNp01,,loom_left,escape_latency_ms,,<=,50,ms,0,,,"von Reyn et al. 2014, Nat Neurosci 17:962 (short-mode escape follows the GF spike within tens of ms)",not measured by any shipped probe,MISSING by design: probe_loom.py prints 100 ms frames; a --json output or scripts/interp_atlas.py would resolve it
loom.LPLC2.rate_peak_hz,LPLC2,,loom_left,rate_peak_hz,5,>=,1,Hz,0,,,"Klapoetke et al. 2017, Nature 551:237 (LPLC2 is a looming-selective visual projection neuron that drives escape)",scripts/probe_loom.py (out/loom*.txt),
loom.LC4.rate_peak_hz,LC4,,loom_left,rate_peak_hz,0,>=,1,Hz,1,,,"Ache et al. 2019, Curr Biol 29:1073 (LC4 encodes angular velocity of a looming object and drives the giant fibre)",scripts/probe_loom.py (out/loom*.txt): LC4 stays at 0-1 Hz through the whole approach,"known gap: LPLC2 carries the loom in this model, LC4 does not"
loom.LC6.rate_peak_hz,LC6,,loom_left,rate_peak_hz,0,>=,1,Hz,1,,,"Ache et al. 2019, Curr Biol 29:1073 (LC6 is a second looming channel onto the GF)",scripts/probe_loom.py (out/loom*.txt),
loom.TTMn.rate_peak_hz,TTMn,,loom_left,rate_peak_hz,20,>=,5,Hz,0,,,"von Reyn et al. 2014, Nat Neurosci 17:962 (the GF drives the tergotrochanteral motor neuron)",scripts/probe_loom.py (out/loom*.txt),
rotation.HSN.dprime,HSN,,rotation_cw_vs_ccw,dprime,-4.15,abs>=,2.0,d',0,,,"Schnell et al. 2010, J Neurophysiol 103:1646 (HS cells are directionally tuned to horizontal optic flow)","scripts/screen_rotation.py (out/screen_rotation.csv, out/rot_*.csv); docs/BENCHMARK_BATTERY.md assay 1",
rotation.HSE.dprime,HSE,,rotation_cw_vs_ccw,dprime,-2.21,abs>=,1.5,d',0,,,"Schnell et al. 2010, J Neurophysiol 103:1646",scripts/screen_rotation.py (out/screen_rotation.csv),
rotation.VS.dprime,VS,,rotation_cw_vs_ccw,dprime,-1.79,abs>=,1.0,d',0,,,"Schnell et al. 2010, J Neurophysiol 103:1646 measures the horizontal system; the VS row is the vertical-system analogue and has no matched literature number",scripts/screen_rotation.py (out/screen_rotation.csv),
rotation.HSN.flip_sign,HSN,,rotation_cw_vs_ccw,flip_hz,-7.06,sign,-1,Hz,0,,,"Schnell et al. 2010, J Neurophysiol 103:1646 (the sign of the response follows the direction of the flow)",scripts/screen_rotation.py (out/screen_rotation.csv),the discriminating variable of BENCHMARK_BATTERY assay 1
rotation.DNp20.dprime,DNp20,,rotation_cw_vs_ccw,dprime,-3.11,abs>=,2.0,d',0,,,"Schnell et al. 2010, J Neurophysiol 103:1646 (DNp20/DNHS1 is the HS-driven descending neuron)",scripts/screen_rotation.py (out/screen_rotation.csv); docs/NOTES.md session 8,
rotation.group.flip_hz,type:DNp20|HSN|HSE,optomotor_group,rotation_cw_vs_ccw,flip_hz,-8,<=,-3,Hz,0,rotation.group_flip_hz,,"Schnell et al. 2010, J Neurophysiol 103:1646",scripts/benchmark.py REFERENCES rotation.group_flip_hz,
rotation.DNp20.flip_onset_hz,DNp20,,yaw_onset,flip_hz,-14,<,-2,Hz,0,rotate.DNp20_flip_hz,,"Schnell et al. 2010, J Neurophysiol 103:1646",scripts/benchmark.py REFERENCES rotate.DNp20_flip_hz (legacy walk section),
rotation.DNa02.rate_hz,DNa02,,rotation_cw_vs_ccw,rate_hz,0.02,>=,1.0,Hz,1,,,"Schnell et al. 2010, J Neurophysiol 103:1646 (an optomotor turn needs the horizontal system to reach the steering descending neurons)",scripts/screen_rotation.py (out/screen_rotation.csv); docs/BENCHMARK_BATTERY.md assay 1,"known gap: DNa02 is silent under imposed yaw, so the connectome has no optomotor motor path"
orn.ORN_DM2.rate_hz,ORN_DM2,,walking,rate_hz,66,range,"5,300",Hz,0,,,"Hallem & Carlson 2006, Cell 125:143 (Or22a / DM2 is among the strongest responders to fruit esters; driven ORN rates reach 100-300 spikes/s, spontaneous 1-30)",scripts/benchmark.py walk section top types (out/benchmark_suite.json),apple plume on while walking
orn.ORN_DM4.rate_hz,ORN_DM4,,walking,rate_hz,73,range,"5,300",Hz,0,,,"Hallem & Carlson 2006, Cell 125:143 (Or59b / DM4)",scripts/benchmark.py walk section top types (out/benchmark_suite.json),
orn.ORN_DC1.rate_hz,ORN_DC1,,walking,rate_hz,81,range,"5,300",Hz,0,,,"Hallem & Carlson 2006, Cell 125:143",scripts/benchmark.py walk section top types (out/benchmark_suite.json),
smell.PN.rate_hz,~_l2PN|_adPN|_lPN|_lvPN|_ilPN,PN,apple_odour,rate_hz,13,<,100,Hz,0,smell.PN_hz,,"Hallem & Carlson 2006, Cell 125:143 (odour drive is strong but bounded; the antennal lobe must not run away)",scripts/benchmark.py REFERENCES smell.PN_hz,
smell.KC.n_active,~^KC,KC,apple_odour,n_active,1249,>,0,cells,0,smell.KC_active,,no single literature number; sparse-but-not-silent Kenyon-cell odour coding,scripts/benchmark.py REFERENCES smell.KC_active,
odour.LH_apple.rate_8cm_hz,LH_apple_channel,LH_apple_channel,apple_8cm,rate_hz,20.6,>=,10,Hz,0,odour.apple_channel_8cm_hz,,no direct literature value: motor.LH_ODOUR_CHANNELS is a model readout of lateral-horn apple-selective cells,scripts/benchmark.py REFERENCES odour.apple_channel_8cm_hz; docs/NOTES.md session 8,
odour.LH_apple.rate_clean_hz,LH_apple_channel,LH_apple_channel,apple_clean,rate_hz,3.4,<=,6,Hz,0,odour.apple_channel_clean_hz,,no direct literature value (model readout),scripts/benchmark.py REFERENCES odour.apple_channel_clean_hz,
odour.LHPD4d1.rate_8cm_hz,LHPD4d1,,apple_8cm,rate_hz,20.6,>=,10,Hz,0,,,no direct literature value (model readout),scripts/benchmark.py odour section types (out/benchmark_suite.json); docs/NOTES.md session 8,
odour.LHPD4d1.rate_clean_hz,LHPD4d1,,apple_clean,rate_hz,3.4,<=,8,Hz,0,,,no direct literature value (model readout),scripts/benchmark.py odour section types (out/benchmark_suite.json),
taste.MN9.rate_hz,MN9,,sugar,rate_hz,3.7,>,2,Hz,0,taste.MN9_hz,,"Shiu et al. 2024, Nature 634:210 (sugar GRN activation drives the proboscis motor neuron MN9 in a whole-brain connectome LIF model)",scripts/benchmark.py REFERENCES taste.MN9_hz,labellar sweet GRNs at 100 Hz
taste.MN9.rate_hz_calibrated,MN9,,sugar,rate_hz_calibrated,4.6,>,2,Hz,0,bitter.calibrated_sugar_MN9_hz,,"Shiu et al. 2024, Nature 634:210",scripts/benchmark.py REFERENCES bitter.calibrated_sugar_MN9_hz; scripts/probe_bitter.py (out/bitter*.txt),this project's calibrated rules
taste.MN9.rate_hz_calibrated_bitter,MN9,,sugar+bitter,rate_hz_calibrated,0.0,<,1,Hz,0,bitter.calibrated_sugar_bitter_MN9_hz,,"Shiu et al. 2024, Nature 634:210 (adding bitter GRNs suppresses the sugar-driven MN9 response)",scripts/benchmark.py REFERENCES bitter.calibrated_sugar_bitter_MN9_hz; scripts/probe_bitter.py,
taste.MN9.rate_hz_shiu,MN9,,sugar,rate_hz_shiu,123.5,>,50,Hz,0,bitter.shiu_sugar_MN9_hz,,"Shiu et al. 2024, Nature 634:210 (uniform 0.275 mV synapses; 78 Hz on FlyWire)",scripts/benchmark.py REFERENCES bitter.shiu_sugar_MN9_hz; scripts/probe_bitter.py,
taste.MN9.rate_hz_shiu_bitter,MN9,,sugar+bitter,rate_hz_shiu,2.1,<,10,Hz,0,bitter.shiu_sugar_bitter_MN9_hz,,"Shiu et al. 2024, Nature 634:210 (Shiu reported 78 -> 3 Hz on FlyWire)",scripts/benchmark.py REFERENCES bitter.shiu_sugar_bitter_MN9_hz; scripts/probe_bitter.py,
taste.MN9.rate_hz_bitter_only,MN9,,bitter,rate_hz_calibrated,0.0,<,1,Hz,0,,,"Shiu et al. 2024, Nature 634:210 (bitter alone does not drive proboscis extension)",scripts/probe_bitter.py (out/bitter*.txt),
taste.GNG175.rate_hz,GNG175,,sugar,rate_hz,199,range,"20,400",Hz,0,,,no literature number; a storm guard on the second-order sweet interneuron,scripts/benchmark.py taste section (out/benchmark_suite.json),
dn.MDN.top_rate_hz,MDN,,MDN_stim_150hz,top_rate_hz,152,<,250,Hz,0,dn.MDN_top_hz,,"Bidaye et al. 2014, Science 344:97 (MDN drives backward walking)",scripts/benchmark.py REFERENCES dn.MDN_top_hz,"MDN at 150 Hz drives IN06B020 ~150 Hz, no storm"
dn.MDN.leg_L_hz,MDN,,MDN_stim_150hz,leg_L_hz,3.17,>,0.5,Hz,0,,,"Bidaye et al. 2014, Science 344:97 (MDN activation recruits leg motor neurons bilaterally for backward walking)",scripts/benchmark.py dn section (out/benchmark_suite.json),
dn.MDN.leg_R_hz,MDN,,MDN_stim_150hz,leg_R_hz,2.19,>,0.5,Hz,0,,,"Bidaye et al. 2014, Science 344:97",scripts/benchmark.py dn section (out/benchmark_suite.json),
dn.DNp09.top_rate_hz,DNp09,,DNp09_stim_150hz,top_rate_hz,45,<,250,Hz,0,dn.DNp09_top_hz,,"Bidaye et al. 2020, Neuron 108:469 (DNp09 initiates forward walking and, at high activation, a freeze)",scripts/benchmark.py REFERENCES dn.DNp09_top_hz,
dn.DNp09.leg_L_hz,DNp09,,DNp09_stim_150hz,leg_L_hz,0.99,>,0.2,Hz,0,,,"Bidaye et al. 2020, Neuron 108:469",scripts/benchmark.py dn section (out/benchmark_suite.json),
dn.DNa02.leg_asym_hz,DNa02,,DNa02_L_stim_150hz,leg_asym_hz,3.0,>,0.3,Hz,0,dn.DNa02_L_leg_asym_hz,,Rayshubskiy et al. 2020 (DNa02 activity accompanies and drives ipsilateral turning),scripts/benchmark.py REFERENCES dn.DNa02_L_leg_asym_hz,left minus right leg-MN mean with DNa02_L at 150 Hz
object.LC10a.flip_hz,LC10a,,apple_left_vs_right,flip_hz,0.0,abs>=,1.0,Hz,1,object.LC10a_flip_hz,,"Ribeiro et al. 2018, Cell 174:607 (LC10a signals the position of the small moving target during courtship pursuit and is lateralised)",scripts/benchmark.py REFERENCES object.LC10a_flip_hz; scripts/screen_object.py,known gap: the rate optic lobe carries no small-object position signal
object.LC10a.rate_hz,LC10a,,apple_left_vs_right,rate_hz,0.02,>=,1.0,Hz,1,,,"Ribeiro et al. 2018, Cell 174:607",scripts/benchmark.py object section (out/benchmark_suite.json),LC10a is essentially silent with or without the apple
object.LC10b.rate_hz,LC10b,,apple_left_vs_right,rate_hz,1.88,>=,0.5,Hz,0,,,"Ribeiro et al. 2018, Cell 174:607 (the LC10 group responds to a small object)",scripts/benchmark.py object section (out/benchmark_suite.json),LC10b does fire; only the position signal is missing
objsweep.Mi4.figure_z,Mi4,,object_sweep,diff_abs_best_cell_mean@z,22.3,abs>=,3,z,0,,,"Behnia et al. 2014, Nature 512:427 (Mi4 / Mi1 / Tm3 are medulla elements of the ON channel and respond to a dark moving object)","docs/audits/object_sweep.md 8.7 (out/r3obj/{ball,null}_*.json)","z against the none-vs-none null, 5 runs per arm"
objsweep.Mi1.figure_z,Mi1,,object_sweep,diff_abs_best_cell_mean@z,27.9,abs>=,3,z,0,,,"Behnia et al. 2014, Nature 512:427","docs/audits/object_sweep.md 8.7 (out/r3obj/{ball,null}_*.json)",
objsweep.Tm3.figure_z,Tm3,,object_sweep,diff_abs_best_cell_mean@z,15.6,abs>=,3,z,0,,,"Behnia et al. 2014, Nature 512:427","docs/audits/object_sweep.md 8.7 (out/r3obj/{ball,null}_*.json)",
objsweep.T2.figure_z,T2,,object_sweep,diff_abs_best_cell_mean@z,1.2,abs>=,3,z,1,,,"Keleş & Frye 2017, Curr Biol 27:680 (LC11 is a small-object detector, so its columnar inputs T2 / T3 must carry the figure)","docs/audits/object_sweep.md 8.7 (out/r3obj/{ball,null}_*.json)",known gap: sign-correct ON/OFF cancellation at T2 / T3 (optic_measures.md 5.3)
objsweep.T3.figure_z,T3,,object_sweep,diff_abs_best_cell_mean@z,0.7,abs>=,3,z,1,,,"Keleş & Frye 2017, Curr Biol 27:680","docs/audits/object_sweep.md 8.7 (out/r3obj/{ball,null}_*.json)",known gap: Mi1 22.5% + Tm3 8.2% lowered vs Tm1 16% + Tm4 6.7% raised cancel
objsweep.Tm5Y.figure_z,Tm5Y,,object_sweep,diff_abs_best_cell_mean@z,2.6,abs>=,3,z,1,,,"Keleş & Frye 2017, Curr Biol 27:680 (input to LC10 / LC11)","docs/audits/object_sweep.md 8.7 (out/r3obj/{ball,null}_*.json)","known gap: dilution, one carrying input (Tm20) at 14%"
objsweep.TmY21.figure_z,TmY21,,object_sweep,diff_abs_best_cell_mean@z,0.6,abs>=,3,z,1,,,"Keleş & Frye 2017, Curr Biol 27:680","docs/audits/object_sweep.md 8.7 (out/r3obj/{ball,null}_*.json)",
objsweep.TmY13.figure_z,TmY13,,object_sweep,diff_abs_best_cell_mean@z,0.5,abs>=,3,z,1,,,"Keleş & Frye 2017, Curr Biol 27:680","docs/audits/object_sweep.md 8.7 (out/r3obj/{ball,null}_*.json)",
objsweep.TmY5a.figure_z,TmY5a,,object_sweep,diff_abs_best_cell_mean@z,1.2,abs>=,3,z,1,,,"Keleş & Frye 2017, Curr Biol 27:680","docs/audits/object_sweep.md 8.7 (out/r3obj/{ball,null}_*.json)",
objsweep.LC11.figure_z,LC11,,object_sweep,diff_max_over_cells_mean_mv@z,0.4,abs>=,3,z,1,,,"Keleş & Frye 2017, Curr Biol 27:680 (LC11 responds selectively to small moving objects)","docs/audits/object_sweep.md 8.4 (out/r3obj/{ball,null}_*.json)",known gap: LC11 sits at the none-vs-none null in both receptor modes
objsweep.LC10a.figure_z,LC10a,,object_sweep,diff_max_over_cells_mean_mv@z,-0.1,abs>=,3,z,1,,,"Ribeiro et al. 2018, Cell 174:607","docs/audits/object_sweep.md 8.4 (out/r3obj/{ball,null}_*.json)",
objsweep.LPLC2.figure_z,LPLC2,,object_sweep,diff_max_over_cells_mean_mv@z,5.4,abs>=,3,z,0,,,"Klapoetke et al. 2017, Nature 551:237 (LPLC2 responds to an approaching / moving dark object)","docs/audits/object_sweep.md 8.4-8.5 (out/r3obj/{ball,null}_*.json)",the one spiking type above the null on this assay
objsweep.LC4.figure_z,LC4,,object_sweep,diff_max_over_cells_mean_mv@z,-1.0,abs>=,3,z,1,,,"Ache et al. 2019, Curr Biol 29:1073","docs/audits/object_sweep.md 8.4 (out/r3obj/{ball,null}_*.json)",
fg.L1.figure_z,L1,,figure_ground_apple,figure_z,18.4,>=,3,z,0,,,"Joesch et al. 2010, Nature 468:300 (L1 feeds the ON pathway, L2 the OFF pathway)",docs/audits/optic_measures.md 5.1; scripts/probe_figure_ground.py (out/fg*.csv),"static apple, signed retinotopic figure z"
fg.L2.figure_z,L2,,figure_ground_apple,figure_z,12.0,>=,3,z,0,,,"Joesch et al. 2010, Nature 468:300",docs/audits/optic_measures.md 5.1; scripts/probe_figure_ground.py (out/fg*.csv),
fg.Mi1.figure_z,Mi1,,figure_ground_apple,figure_z,-8.8,<=,-3,z,0,,,"Behnia et al. 2014, Nature 512:427 (Mi1 is an ON-channel element, so a dark object lowers it)",docs/audits/optic_measures.md 5.1; scripts/probe_figure_ground.py (out/fg*.csv),
fg.Tm3.figure_z,Tm3,,figure_ground_apple,figure_z,-6.8,<=,-3,z,0,,,"Behnia et al. 2014, Nature 512:427 (Tm3, ON channel)",docs/audits/optic_measures.md 5.1; scripts/probe_figure_ground.py (out/fg*.csv),
fg.Tm1.figure_z,Tm1,,figure_ground_apple,figure_z,4.5,>=,3,z,0,,,"Behnia et al. 2014, Nature 512:427 (Tm1, OFF channel, raised by a dark object)",docs/audits/optic_measures.md 5.1; scripts/probe_figure_ground.py (out/fg*.csv),
fg.Tm4.figure_z,Tm4,,figure_ground_apple,figure_z,4.8,>=,3,z,0,,,"Behnia et al. 2014, Nature 512:427 (OFF channel)",docs/audits/optic_measures.md 5.1; scripts/probe_figure_ground.py (out/fg*.csv),
fg.Tm20.figure_z,Tm20,,figure_ground_apple,figure_z,5.3,>=,3,z,0,,,no direct literature value; Tm20 is an OFF-side medulla-to-lobula columnar type,docs/audits/optic_measures.md 5.1; scripts/probe_figure_ground.py (out/fg*.csv),
fg.T4c.figure_z,T4c,,figure_ground_apple,figure_z,4.2,>=,3,z,0,,,"Maisak et al. 2013, Nature 500:212 (T4 sees the object move relative to the background during self-motion)",docs/audits/optic_measures.md 5.1; scripts/probe_figure_ground.py (out/fg*.csv),
fg.T4d.figure_z,T4d,,figure_ground_apple,figure_z,4.0,>=,3,z,0,,,"Maisak et al. 2013, Nature 500:212",docs/audits/optic_measures.md 5.1; scripts/probe_figure_ground.py (out/fg*.csv),
fg.T2.figure_z,T2,,figure_ground_apple,figure_z,2.7,abs>=,3,z,1,,,"Keleş & Frye 2017, Curr Biol 27:680 (T2 is a columnar input of the small-object detector LC11)",docs/audits/optic_measures.md 5.1; scripts/probe_figure_ground.py (out/fg*.csv),known gap
fg.T3.figure_z,T3,,figure_ground_apple,figure_z,-1.0,abs>=,3,z,1,,,"Keleş & Frye 2017, Curr Biol 27:680",docs/audits/optic_measures.md 5.1; scripts/probe_figure_ground.py (out/fg*.csv),"known gap; the fg CSVs read -2.0 to -3.0, at the threshold"
fg.Tm5Y.figure_z,Tm5Y,,figure_ground_apple,figure_z,0.2,abs>=,3,z,1,,,"Keleş & Frye 2017, Curr Biol 27:680",docs/audits/optic_measures.md 5.1; scripts/probe_figure_ground.py (out/fg*.csv),known gap
fg.TmY21.figure_z,TmY21,,figure_ground_apple,figure_z,-0.6,abs>=,3,z,1,,,"Keleş & Frye 2017, Curr Biol 27:680",docs/audits/optic_measures.md 5.1; scripts/probe_figure_ground.py (out/fg*.csv),known gap
fg.TmY13.figure_z,TmY13,,figure_ground_apple,figure_z,2.2,abs>=,3,z,1,,,"Keleş & Frye 2017, Curr Biol 27:680",docs/audits/optic_measures.md 5.1; scripts/probe_figure_ground.py (out/fg*.csv),known gap
compass.EPG.bump_rate_hz,EPG,,compass_room,bump_rate_hz,220,range,"5,60",Hz,1,,compass.EPG.bump_survival_s,"Seelig & Jayaraman 2015, Nature 521:186 (a single EPG activity bump; in vivo the bump's cells fire at tens of Hz)",docs/audits/compass_room.md 4(a) (out/cxroom/cxroom_*.json); docs/audits/cx_wedge.md 7,known gap: the ring attractor runs refractory-limited at 219-260 Hz at every working gain
compass.EPG.bump_width_wedges,EPG,,compass_room,bump_width_wedges,3.6,range,"2.5,5.0",wedges,0,,compass.EPG.bump_survival_s,"Seelig & Jayaraman 2015, Nature 521:186 (the bump spans roughly a quarter of the ellipsoid body, ~90 deg FWHM = ~4 of 16 wedges)",docs/audits/compass_room.md 4(a); docs/audits/cx_wedge.md section 5 (3-4 wedges above half the peak),
compass.EPG.bump_survival_s,EPG,,compass_room,bump_survival_s,38.0,>=,5,s,0,,,"Seelig & Jayaraman 2015, Nature 521:186 (the bump persists in darkness after the visual scene is removed)",docs/audits/compass_room.md 4(a): 38.0 s in 192/192 gain-run flies,
compass.EPG.circ_corr_heading,EPG,,compass_room,circ_corr_heading,0.00,abs>=,0.5,r,1,,compass.EPG.bump_survival_s,"Seelig & Jayaraman 2015, Nature 521:186 (the bump position tracks the fly's heading)",docs/audits/compass_room.md 4(b): |circ corr| <= 0.11 over 12 gain runs,known gap: the bump is pinned to 5-7 attractor sites and does not rotate
compass.EPG.cells_persisting,EPG,,compass_pulse_after,cells_persisting,0,>=,6,cells,1,compass.wedge_cells_persisting,,"Seelig & Jayaraman 2015, Nature 521:186",scripts/benchmark.py REFERENCES compass.wedge_cells_persisting,the shipped default has no attractor; the compass gains are an experiment's overrides
compass.PEN_L.rate_hz,~^PEN_,PEN_L,compass_room,rate_hz,57,range,"5,120",Hz,0,,compass.EPG.bump_survival_s,no direct literature number; P-EN rates in vivo are far below the model's,docs/audits/compass_room.md 4(a) (out/cxroom/cxroom_*.json),
compass.Delta7_L.rate_hz,Delta7,Delta7_L,compass_room,rate_hz,102,range,"5,200",Hz,0,,compass.EPG.bump_survival_s,no direct literature number,docs/audits/compass_room.md 4(a) (out/cxroom/cxroom_*.json),
compass.PFN.rate_hz,~^PFN,PFN,compass_room,rate_hz,0.6,>=,1.0,Hz,1,,compass.EPG.bump_survival_s,Lyu et al. 2022 / Lu et al. 2022 (PFN cells carry the fly's travelling direction and are active during walking),docs/audits/compass_room.md 4(a): PFN 0.59-0.78 Hz in every gain run,known gap: the PFN / hDelta layer stays silent while the ring bump runs at 220 Hz
compass.hDelta.rate_hz,~^hDelta,hDelta,compass_room,rate_hz,1.5,>=,2.0,Hz,1,,compass.EPG.bump_survival_s,Lyu et al. 2022 / Lu et al. 2022 (hDelta cells carry the goal vector),docs/audits/compass_room.md 4(a): hDelta 1.47-1.86 Hz,known gap
wind.DNp18.flip_hz,DNp18,,wind_left_vs_right,flip_hz,45,>=,15,Hz,0,wind.DNp18_flip_hz,,"Suver et al. 2019, Curr Biol 29:2508 (antennal wind direction is encoded by lateralised wedge / descending populations); the per-type assignment is this model's",scripts/benchmark.py REFERENCES wind.DNp18_flip_hz; scripts/screen_steering.py,
wind.DNp33.flip_hz,DNp33,,wind_left_vs_right,flip_hz,-49,<=,-15,Hz,0,wind.DNp33_flip_hz,,"Suver et al. 2019, Curr Biol 29:2508; the per-type assignment is this model's",scripts/benchmark.py REFERENCES wind.DNp33_flip_hz; scripts/screen_steering.py,
rest.brain.spikes_per_step,module=central,brain,rest,spikes_per_step,0,<,5,spikes/step,0,rest.spikes_per_step,,no literature number: a silence guard on the unstimulated model,scripts/benchmark.py REFERENCES rest.spikes_per_step,
walk.DNp01.rate_max_hz,DNp01,,walking,rate_max_hz,26,<,38,Hz,0,walk.GF_max_hz,,"von Reyn et al. 2014, Nat Neurosci 17:962 (self-generated optic flow must not reach the GF escape threshold)",scripts/benchmark.py REFERENCES walk.GF_max_hz,
walk.power_MN.rate_max_hz,wing_power_MN,wing_power_MN,walking,rate_max_hz,22,report,50,Hz,0,walk.power_max_hz,,no literature number,scripts/benchmark.py REFERENCES walk.power_max_hz; dynamics round 1 (docs/audits/receptor_integration.md),"op 'report': the 50 Hz bound is unfit -- it fails under 13 of 16 optic ablations and anti-correlates with room take-offs, so the ledger records the number and never scores it"
walk.power_MN.rate_sustained_hz,wing_power_MN,wing_power_MN,walking,rate_sustained_hz,22,<,50,Hz,0,walk.power_sustained_hz,,no literature number: body.Flight.takeoff_power_hz is the model's own voluntary-takeoff threshold,scripts/benchmark.py REFERENCES walk.power_sustained_hz,
walkgf.DNp01.rate_p99_hz,DNp01,,walking,rate_p99_hz,32,<,38,Hz,0,walk_gf.p99_hz,,"von Reyn et al. 2014, Nat Neurosci 17:962",scripts/benchmark.py REFERENCES walk_gf.p99_hz,
hops.body.voluntary_per_1000_fly_s,body,body,room_walking,voluntary_per_1000_fly_s,0.0,<,1.0,per 1000 fly-s,1,hops.voluntary_per_1000_fly_s,,no literature number: a walking fly does not spontaneously take off at this rate,docs/audits/receptor_integration.md round 5; scripts/batch_sustain.py (out/r5_sustain_*.json),known gap; quote >= 3 draws of 2400 fly-s
hops.body.escape_per_1000_fly_s,body,body,room_walking,escape_per_1000_fly_s,0.63,<,10.0,per 1000 fly-s,0,hops.escape_per_1000_fly_s,,no literature number: a storm guard on the GF escape route,docs/audits/receptor_integration.md round 5; scripts/batch_sustain.py (out/r5_sustain_*.json),
hops.DNp01.rate_max_median_hz,DNp01,,room_walking,rate_max_median_hz,27.2,<,33.0,Hz,0,hops.walk_gf_max_median_hz,,"von Reyn et al. 2014, Nat Neurosci 17:962 (walking optic flow must stay below the escape threshold)",docs/audits/receptor_integration.md round 5; scripts/batch_sustain.py (out/r5_sustain_*.json),
struct.GLNO_PEN.synaptic_pair_count,GLNO->PEN_a,GLNO->PEN_a,structural,synaptic_pair_count,16371,range,"15000,18000",synapses,0,,,no literature number: a structural fact of the compiled MaleCNS graph,docs/audits/cx_glno.md section 1,MISSING until scripts/interp_paths.py emits a per_type row for the GLNO -> PEN block
struct.GLNO_PEN.sign,GLNO->PEN_a,GLNO->PEN_a,structural,sign,0,==,0,sign,1,,,no literature number: GABA / glutamate identity of GLNO is unresolved in the MaleCNS annotation,"docs/audits/cx_glno.md section 1 (19.4% of PEN input, sign 0)",known gap: the largest single input of PEN carries no sign and is silent in the model
struct.EPG_PEN.effective_mv,EPG->PEN_a,EPG->PEN_a,structural,effective_mv,5.05,range,"4.5,5.6",mV,0,,,no literature number: a structural fact of the compiled graph,docs/audits/cx_glno.md section 1,MISSING until scripts/interp_paths.py runs
struct.Delta7_PEN.effective_mv,Delta7->PEN_a,Delta7->PEN_a,structural,effective_mv,-4.70,range,"-5.2,-4.2",mV,0,,,no literature number: a structural fact of the compiled graph,docs/audits/cx_glno.md section 1,MISSING until scripts/interp_paths.py runs
