# Özel et al. 2021 Nature 589:88-95 (doi:10.1038/s41586-020-2879-3); GEO GSE142787 (SuperSeries GSE142789).
# Adult timepoint only: 109,743 cells, female Canton-S 1-3 days old (male libraries removed by the authors), 10x v2.
# One row per adult cluster (199 columns of the GEO sheet: 193 final clusters incl. P70/P50 backprojections 221-235).
# Gene symbols are the plan's names; the source build (BDGP6.88) names differ for ChAT (=Cha), KaiR1D (=CG3822),
# Octalpha2R (=CG18208); mAChR-C (CG7918) is absent from the source gene set -> NaN. Built by scripts/build_ozel2021_tables.py.
# UNIT: mixture-model probability that the gene is expressed in the cluster (0-1; ~fraction of cells ON),
# sheet Adult_MM_final of GSE142787_Mixture_modeling.xlsx (Özel 2021 Methods 'mixture modelling').
source_name,source_cluster,map_tier,ChAT,VAChT,Gad1,VGAT,VGlut,Hdc,ple,DAT,Tdc2,Tbh,Trh,SerT,nAChRalpha1,nAChRalpha2,nAChRalpha3,nAChRalpha4,nAChRalpha5,nAChRalpha6,nAChRalpha7,nAChRbeta1,nAChRbeta2,nAChRbeta3,Rdl,Lcch3,Grd,GluClalpha,KaiR1D,GluRIA,GluRIB,Nmdar1,Nmdar2,HisCl1,ort,mAChR-A,mAChR-B,mAChR-C,GABA-B-R1,GABA-B-R2,GABA-B-R3,mGluR,Dop1R1,Dop1R2,Dop2R,DopEcR,Oamb,Octbeta1R,Octbeta2R,Octbeta3R,Octalpha2R,5-HT1A,5-HT1B,5-HT2A,5-HT2B,5-HT7
T1,1,exact,0.0,0.0,0.0,0.0,0.0,0.0,0.0,0.0,0.0,0.0,0.0,0.0,0.0,0.0,1.0,1.0,0.0,0.0,1.0,0.24,0.93,0.0,1.0,0.01,0.0,0.0,0.0,0.0,0.0,0.0,0.0,0.0,1.0,0.0,0.0,,1.0,1.0,0.0,0.0,0.0,0.0,0.0,0.0,0.0,0.0,1.0,0.0,0.0,1.0,1.0,0.0,0.0,0.0
PR,3,class,0.0,0.0,0.0,0.0,0.0,0.0,0.0,0.0,0.0,0.0,0.0,0.0,0.0,0.0,1.0,1.0,0.0,0.0,0.0,0.0,0.0,0.0,0.0,0.0,0.0,0.0,0.0,0.34,0.0,0.0,0.0,1.0,0.0,0.0,0.0,,0.0,0.0,0.0,0.0,0.0,0.0,0.0,1.0,0.0,0.0,0.0,0.0,0.0,0.0,0.0,0.0,0.0,0.0
4,4,unmatched,0.0,0.0,0.0,0.0,1.0,0.0,0.0,0.0,0.0,0.0,0.0,0.0,0.0,0.97,1.0,1.0,0.0,1.0,0.0,1.0,1.0,0.0,1.0,0.0,0.0,1.0,0.0,0.0,0.0,0.99,1.0,0.0,0.0,0.11,1.0,,0.0,1.0,0.0,0.0,0.6,0.0,1.0,0.99,0.0,0.0,0.0,0.0,0.6,0.0,0.0,0.0,0.0,0.0
5,5,unmatched,0.04,1.0,0.0,0.0,0.0,0.0,0.0,0.0,0.0,0.0,0.0,0.0,0.0,1.0,1.0,1.0,0.0,1.0,0.01,1.0,1.0,0.0,1.0,0.0,0.0,1.0,0.0,0.0,0.0,0.0,0.0,0.0,0.0,0.0,0.0,,0.0,1.0,0.0,0.0,0.0,0.0,1.0,1.0,0.0,0.0,0.0,0.0,0.0,0.0,1.0,0.0,0.0,0.0
T2,6,exact,0.08,1.0,0.0,0.0,0.0,0.0,0.0,0.0,0.0,1.0,0.0,0.0,0.0,0.0,1.0,1.0,0.0,1.0,0.0,1.0,1.0,0.0,1.0,0.0,0.0,1.0,0.0,0.0,0.0,0.0,0.0,0.0,0.0,0.0,0.0,,0.0,1.0,0.0,1.0,0.0,0.0,0.98,1.0,0.0,0.0,0.0,0.0,0.01,0.0,0.0,0.0,0.0,0.0
T3,7,exact,1.0,1.0,0.0,0.0,0.0,0.0,0.0,0.0,0.0,1.0,0.0,0.0,0.0,0.02,1.0,1.0,0.0,1.0,0.0,1.0,1.0,0.0,1.0,0.0,0.0,0.99,0.0,0.0,0.0,0.0,0.0,0.0,0.0,0.0,0.0,,0.0,1.0,0.0,0.0,0.0,0.0,1.0,0.99,0.0,0.0,0.0,0.0,0.75,0.0,0.0,0.01,0.0,0.0
Lawf2,8,exact,1.0,1.0,0.0,0.0,0.0,0.0,0.0,0.0,0.0,0.0,0.0,0.0,0.0,0.0,1.0,1.0,0.0,0.23,0.0,1.0,1.0,0.0,1.0,0.0,0.0,0.07,0.0,0.0,0.0,0.14,0.0,0.0,0.0,0.0,0.0,,0.0,1.0,0.0,0.0,0.0,0.0,0.0,1.0,0.0,0.0,0.0,0.0,0.0,0.0,0.0,0.0,0.0,0.0
Dm4,9,exact,0.0,0.0,0.0,0.0,1.0,0.0,0.0,0.0,0.0,0.0,0.0,0.0,0.0,0.0,1.0,1.0,0.0,0.0,0.0,1.0,1.0,0.0,0.58,1.0,1.0,0.0,0.0,0.0,0.0,0.0,0.0,0.0,0.0,0.0,0.0,,0.0,1.0,0.0,0.0,0.0,0.0,0.0,1.0,0.99,0.0,0.0,0.66,0.03,0.89,0.0,1.0,0.0,0.0
10,10,unmatched,0.0,0.0,0.0,0.0,1.0,0.0,0.0,0.0,0.0,0.0,0.0,0.0,0.0,0.0,1.0,1.0,0.0,0.0,0.95,1.0,0.99,0.0,1.0,0.0,0.0,1.0,0.0,1.0,1.0,1.0,0.0,0.0,0.0,0.31,0.0,,0.0,1.0,0.0,0.0,0.0,0.0,0.0,0.99,0.0,1.0,0.0,0.0,0.33,1.0,0.97,0.0,0.0,0.0
11,11,unmatched,0.0,0.0,0.0,0.0,1.0,0.0,0.0,0.0,0.0,0.0,0.0,0.0,0.0,0.04,1.0,1.0,0.01,1.0,0.08,1.0,1.0,0.0,1.0,0.0,0.0,0.07,0.0,0.0,0.01,0.0,0.0,0.0,0.0,0.0,0.0,,0.98,1.0,0.0,0.0,0.0,0.0,0.97,1.0,0.0,0.0,0.0,0.02,0.04,0.0,0.0,1.0,0.0,0.0
Dm12,12,exact,0.0,0.0,0.0,0.0,1.0,0.0,0.0,0.0,0.0,0.0,0.0,0.0,0.0,0.0,1.0,1.0,0.0,0.05,0.48,1.0,0.75,0.0,1.0,0.0,0.0,0.03,0.0,1.0,0.36,0.0,0.0,0.0,0.0,0.0,0.0,,0.99,1.0,0.0,0.0,0.0,1.0,1.0,1.0,1.0,0.0,0.0,0.0,1.0,1.0,0.0,0.0,0.0,0.0
13,13,unmatched,0.01,0.0,0.0,0.0,1.0,0.0,0.0,0.0,0.0,0.0,0.0,0.0,0.0,0.0,1.0,1.0,0.0,0.96,0.0,1.0,0.99,0.0,1.0,0.0,1.0,1.0,0.0,1.0,1.0,0.0,0.0,0.0,0.0,0.0,0.0,,0.0,1.0,0.0,0.0,0.0,0.0,0.0,1.0,0.0,0.0,0.0,0.0,0.85,0.01,0.45,0.0,0.0,0.0
Dm1,14,exact,0.0,0.0,0.0,0.0,1.0,0.0,0.0,0.0,0.0,0.0,0.0,0.0,0.0,0.05,1.0,1.0,0.04,1.0,0.0,1.0,1.0,0.0,1.0,0.0,0.0,1.0,0.0,1.0,1.0,0.0,0.0,0.0,0.0,0.0,0.0,,0.0,1.0,0.0,0.0,0.0,0.0,1.0,1.0,0.0,1.0,0.0,0.0,0.0,0.95,0.0,0.0,0.0,0.0
Dm10,15,exact,0.0,0.0,1.0,1.0,0.0,0.0,0.0,0.0,0.0,0.0,0.0,0.0,0.0,0.0,1.0,1.0,0.37,1.0,0.0,1.0,1.0,0.0,1.0,0.0,1.0,0.93,0.0,0.99,0.97,0.0,0.01,0.0,0.0,0.0,0.0,,0.0,1.0,0.0,0.0,0.0,1.0,0.0,1.0,0.0,0.0,0.0,0.0,0.64,0.99,1.0,0.96,0.0,0.0
16,16,unmatched,0.0,0.0,0.0,0.0,1.0,0.0,0.0,0.0,0.0,0.0,0.0,0.0,0.0,0.0,1.0,1.0,0.0,1.0,0.0,1.0,1.0,0.0,1.0,0.0,1.0,1.0,0.0,0.0,0.76,0.0,0.0,0.0,0.0,0.0,1.0,,0.0,0.98,1.0,0.02,0.0,0.0,0.98,1.0,0.0,0.0,0.0,0.02,0.0,0.0,0.0,0.0,0.0,0.0
17,17,unmatched,0.0,0.0,0.0,0.0,1.0,0.0,0.0,0.0,0.0,0.0,0.0,0.0,0.0,0.0,1.0,0.41,0.01,1.0,0.0,1.0,1.0,0.0,1.0,0.0,0.0,1.0,0.0,0.99,0.97,0.0,0.93,0.0,0.0,0.0,0.0,,0.0,1.0,0.0,0.0,0.0,0.0,1.0,1.0,0.0,0.0,0.0,0.0,0.0,0.0,0.0,0.0,0.0,0.0
18,18,unmatched,0.0,0.0,0.0,0.0,1.0,0.0,0.0,0.0,0.0,0.0,0.0,0.0,0.0,0.0,1.0,1.0,0.01,0.99,0.99,1.0,1.0,0.0,1.0,0.0,0.0,0.98,0.0,1.0,1.0,0.0,1.0,0.0,0.0,0.0,0.0,,0.0,0.43,0.0,0.0,0.0,0.0,0.99,0.99,0.0,0.0,0.0,0.0,0.13,0.98,1.0,1.0,0.0,0.0
Dm8,19,class,0.0,0.0,0.0,0.0,1.0,0.0,0.0,0.0,0.0,1.0,0.0,0.0,0.0,0.64,1.0,1.0,0.0,0.92,0.0,1.0,1.0,0.0,0.0,0.0,1.0,0.0,0.0,0.0,0.0,0.0,0.0,0.0,1.0,0.0,0.0,,0.0,1.0,0.0,0.0,0.0,0.0,0.0,1.0,0.0,1.0,0.0,0.02,0.0,0.0,0.0,1.0,0.0,0.0
20,20,unmatched,0.0,0.0,0.0,0.0,1.0,0.0,0.0,0.0,0.0,0.0,0.0,0.0,0.0,0.0,1.0,1.0,0.0,1.0,0.0,1.0,1.0,0.0,1.0,0.0,0.0,1.0,0.0,0.49,0.39,0.0,0.43,0.0,0.0,0.0,0.01,,0.0,1.0,0.0,1.0,0.0,0.01,1.0,1.0,0.0,1.0,0.0,0.0,0.0,0.86,0.23,1.0,0.0,0.0
21,21,unmatched,0.0,0.0,0.0,0.0,1.0,0.0,0.0,0.0,0.0,0.0,0.0,0.0,0.0,0.0,1.0,0.74,0.0,0.98,0.0,1.0,1.0,0.0,1.0,0.0,0.0,0.84,0.0,0.01,0.03,0.98,0.16,0.0,0.0,0.0,0.0,,0.0,1.0,0.0,0.18,0.02,0.0,1.0,1.0,1.0,1.0,0.0,0.03,0.6,0.81,0.0,0.14,0.0,0.0
22,22,unmatched,0.0,0.0,0.0,0.0,1.0,0.0,0.0,0.0,0.0,0.0,0.0,0.0,0.0,0.01,1.0,1.0,0.01,0.99,0.06,1.0,1.0,0.0,1.0,0.0,0.0,1.0,0.0,1.0,1.0,0.0,0.0,0.0,0.0,0.98,0.0,,0.0,1.0,0.0,0.0,0.0,0.0,1.0,1.0,0.0,0.0,0.0,0.0,1.0,0.01,1.0,0.0,0.0,0.0
23,23,unmatched,0.0,0.0,0.0,0.0,1.0,0.0,0.0,0.0,1.0,0.0,0.0,0.0,0.0,0.03,1.0,1.0,0.01,1.0,0.01,1.0,1.0,0.0,1.0,0.0,0.0,1.0,0.0,0.06,0.72,1.0,0.0,0.0,0.0,0.0,1.0,,0.0,1.0,0.0,0.99,0.0,1.0,0.0,1.0,0.0,0.0,0.0,0.0,0.0,0.01,0.88,0.0,0.0,0.0
24,24,unmatched,0.0,0.0,0.0,0.0,1.0,0.0,0.0,0.0,0.0,0.0,0.0,0.0,0.0,0.0,1.0,1.0,0.01,0.0,0.44,1.0,1.0,0.0,1.0,0.0,0.0,1.0,0.0,1.0,1.0,0.0,0.0,0.0,0.0,0.0,0.0,,0.0,1.0,0.0,0.0,0.0,0.0,0.91,1.0,0.0,0.0,0.0,0.0,0.01,0.0,0.16,0.0,0.0,0.0
26,26,unmatched,0.0,0.0,0.0,0.0,1.0,0.0,0.0,0.0,0.0,0.0,0.0,0.0,0.0,0.02,1.0,1.0,0.0,1.0,0.0,1.0,1.0,0.0,1.0,0.0,0.0,1.0,0.0,0.0,0.0,0.0,0.0,0.0,0.0,0.0,0.0,,0.0,1.0,0.18,1.0,0.0,0.2,1.0,1.0,0.0,0.0,0.0,0.0,0.0,0.0,0.01,0.0,0.0,0.0
LC14,27,class,0.0,0.0,0.0,0.0,1.0,0.0,0.0,0.0,0.0,0.0,0.0,0.0,0.0,0.01,1.0,1.0,0.0,0.8,0.01,1.0,1.0,0.0,1.0,0.0,0.0,1.0,0.0,0.59,0.81,0.0,0.0,0.0,0.0,0.0,0.0,,0.0,1.0,0.0,1.0,0.0,0.0,1.0,1.0,0.0,0.0,0.0,0.0,0.0,0.0,0.0,0.0,0.0,0.0
28,28,unmatched,0.0,0.0,0.0,0.0,1.0,0.0,0.0,0.0,0.0,0.0,0.0,0.0,0.0,0.07,1.0,1.0,0.0,0.99,0.0,1.0,1.0,0.0,1.0,0.0,0.0,1.0,0.0,0.0,0.0,0.0,0.61,0.0,0.0,0.0,0.0,,0.0,1.0,1.0,0.0,0.0,0.0,1.0,1.0,0.0,0.0,0.0,0.0,0.02,0.0,0.0,0.0,0.0,0.0
29,29,unmatched,0.0,0.0,0.0,0.0,1.0,0.0,0.0,0.0,0.0,0.0,0.0,0.0,0.0,0.8,1.0,1.0,0.0,1.0,0.0,1.0,1.0,0.0,1.0,0.0,0.0,0.99,0.0,1.0,1.0,0.0,0.98,0.0,0.0,0.0,0.0,,0.0,1.0,0.0,0.0,0.0,0.0,0.0,1.0,0.0,0.0,0.0,0.99,1.0,1.0,0.01,0.0,0.0,0.0
30,30,unmatched,0.0,0.0,0.0,0.0,1.0,0.0,0.0,0.0,0.0,0.0,0.0,0.0,0.0,0.01,1.0,1.0,0.0,0.99,0.31,1.0,1.0,0.0,1.0,0.0,0.0,1.0,0.0,0.98,0.78,0.0,0.0,0.0,0.0,0.0,0.0,,0.0,1.0,0.0,1.0,0.94,0.0,1.0,1.0,0.0,0.0,0.0,0.0,0.0,0.0,0.0,0.17,0.0,0.0
Mi15,31,exact,1.0,1.0,0.0,0.0,0.0,0.0,1.0,1.0,0.0,0.0,0.0,0.0,0.0,0.0,1.0,1.0,0.0,1.0,0.0,1.0,1.0,0.0,1.0,1.0,1.0,1.0,0.0,1.0,0.79,0.0,0.0,0.0,0.0,0.01,0.0,,0.0,1.0,0.0,1.0,0.0,0.0,0.0,1.0,0.0,0.0,0.0,0.0,0.25,0.0,0.0,0.0,0.0,0.0
32,32,unmatched,0.0,0.0,0.0,0.0,1.0,0.0,0.0,0.0,0.0,0.0,0.0,0.0,0.0,0.04,1.0,1.0,0.0,0.05,0.07,1.0,1.0,0.0,1.0,0.0,0.0,1.0,0.0,1.0,0.98,0.99,0.92,0.0,0.0,0.0,0.0,,0.0,1.0,0.0,0.0,0.0,0.0,1.0,1.0,0.0,0.0,0.0,0.0,0.02,0.0,0.03,0.0,0.0,0.0
Mi9,33,exact,0.0,0.0,0.0,0.0,1.0,0.0,0.0,0.0,0.0,0.0,0.0,0.0,0.0,0.06,1.0,1.0,0.0,0.0,0.0,1.0,1.0,0.0,1.0,0.0,0.0,0.97,0.0,0.0,0.0,0.0,0.0,0.0,0.0,0.0,0.0,,0.06,1.0,0.0,0.0,0.0,0.0,0.84,1.0,1.0,0.0,0.0,0.0,0.03,0.0,0.1,1.0,0.0,0.01
Tm5c,34,exact,0.0,0.0,0.0,0.0,1.0,0.0,0.0,0.0,0.0,0.0,0.0,0.0,0.0,0.01,1.0,1.0,0.01,0.03,0.0,1.0,1.0,0.0,1.0,0.0,0.0,1.0,0.0,0.0,0.02,0.0,0.0,0.0,1.0,0.0,0.0,,0.0,1.0,0.0,0.0,0.0,0.0,1.0,1.0,0.0,0.0,0.0,0.0,0.0,0.0,0.0,1.0,0.0,0.0
36,36,unmatched,0.0,0.0,0.0,0.0,1.0,0.0,0.0,0.0,0.0,0.05,0.0,0.0,0.0,1.0,1.0,1.0,0.0,0.83,0.0,1.0,1.0,0.0,1.0,0.91,0.0,1.0,0.0,1.0,1.0,0.0,0.01,0.0,0.0,0.0,0.0,,0.0,1.0,0.0,0.0,0.0,0.0,0.0,1.0,0.0,0.82,0.0,0.01,0.98,0.0,0.0,1.0,1.0,1.0
37,37,unmatched,0.0,0.0,0.0,0.0,1.0,0.0,0.0,0.0,0.0,0.0,0.0,0.0,0.0,0.08,1.0,1.0,0.0,0.02,0.0,1.0,1.0,0.0,1.0,0.0,0.0,1.0,0.0,1.0,0.94,0.0,0.0,0.0,0.0,0.0,0.0,,0.0,1.0,0.0,0.0,0.0,0.0,0.02,1.0,0.0,0.07,0.0,0.0,1.0,0.0,0.0,0.0,0.0,0.0
38,38,unmatched,0.11,0.0,0.0,0.0,1.0,0.0,0.0,0.0,0.0,1.0,0.0,0.0,0.0,0.0,1.0,1.0,0.0,0.99,0.0,1.0,1.0,0.0,1.0,0.0,1.0,1.0,0.0,0.83,0.76,0.0,0.0,0.0,0.0,0.0,0.0,,0.0,1.0,1.0,1.0,0.0,0.6,0.0,1.0,0.0,0.0,0.0,0.0,0.05,0.91,0.0,0.95,0.0,0.0
39,39,unmatched,0.0,0.0,0.0,0.0,1.0,0.0,0.0,0.0,0.0,0.0,0.0,0.0,0.0,0.0,1.0,1.0,0.0,0.99,0.02,1.0,1.0,0.0,1.0,0.0,0.0,1.0,0.0,0.39,0.47,0.0,0.0,0.0,0.0,0.0,0.0,,0.0,0.99,0.0,1.0,0.0,0.0,0.0,1.0,0.0,0.0,0.0,0.0,0.02,0.16,1.0,0.0,0.0,0.0
40,40,unmatched,0.0,0.0,0.0,0.0,1.0,0.0,0.0,0.0,0.0,0.0,0.0,0.0,0.0,0.0,1.0,1.0,0.0,1.0,0.0,1.0,1.0,0.0,1.0,0.0,0.0,0.1,0.0,0.97,0.24,0.0,0.0,0.0,0.0,0.0,0.0,,0.26,1.0,0.0,0.0,0.0,0.0,1.0,1.0,0.0,0.0,0.0,0.01,0.0,0.0,0.0,0.63,0.0,0.0
41,41,unmatched,0.0,0.0,0.0,0.0,1.0,0.0,0.0,0.0,0.0,0.0,0.0,0.0,0.0,0.0,1.0,1.0,0.0,0.98,0.56,1.0,1.0,0.0,1.0,0.0,0.0,1.0,0.0,1.0,1.0,0.0,0.0,0.0,0.0,0.0,0.0,,0.0,1.0,0.0,0.0,0.0,0.0,0.0,1.0,0.0,0.0,0.0,0.0,0.0,1.0,0.99,0.56,0.0,0.0
TmY5a,42,exact,0.0,0.0,0.0,0.0,1.0,0.0,0.0,0.0,0.0,0.0,0.0,0.0,0.0,0.06,1.0,1.0,0.0,0.67,0.0,1.0,1.0,0.0,1.0,0.0,0.0,1.0,0.0,0.0,0.0,0.0,0.0,0.0,0.0,0.0,0.0,,0.0,1.0,0.0,0.0,0.0,0.0,0.08,1.0,0.0,0.0,0.0,0.0,0.99,0.0,0.0,0.0,0.0,0.0
43,43,unmatched,0.0,0.0,0.0,0.0,1.0,0.0,0.0,0.0,0.0,0.0,0.0,0.0,0.0,0.03,1.0,1.0,0.01,0.39,0.54,1.0,1.0,0.0,1.0,0.0,0.0,1.0,0.0,1.0,1.0,0.0,0.15,0.0,0.0,0.0,0.0,,0.0,1.0,0.0,0.0,0.0,0.0,0.93,1.0,0.0,0.0,0.0,0.0,0.11,0.01,1.0,0.0,0.0,0.0
44,44,unmatched,1.0,1.0,0.0,0.0,0.0,0.0,0.0,0.0,0.0,0.0,0.0,0.0,0.0,0.01,1.0,1.0,0.0,1.0,0.0,1.0,1.0,0.0,1.0,0.0,0.0,1.0,0.0,1.0,1.0,0.0,0.0,0.0,0.0,0.24,0.0,,0.0,1.0,0.0,0.0,0.0,0.0,0.0,1.0,0.0,0.0,0.0,0.0,0.0,0.0,0.0,0.0,0.0,0.0
45,45,unmatched,1.0,1.0,0.0,0.0,0.0,0.0,0.0,0.0,0.0,0.0,0.0,0.0,0.0,0.01,1.0,1.0,0.0,0.99,0.0,1.0,1.0,0.0,1.0,0.0,0.0,1.0,0.0,0.0,0.21,0.83,0.0,0.0,0.02,0.0,0.0,,0.0,1.0,0.0,0.0,0.0,0.76,1.0,1.0,0.0,0.0,0.0,0.0,0.0,0.47,0.0,0.0,0.0,0.0
46,46,unmatched,1.0,1.0,0.0,0.0,0.0,0.0,0.0,0.0,0.0,0.0,0.0,0.0,0.0,0.0,1.0,1.0,0.0,1.0,0.0,1.0,1.0,0.0,1.0,0.0,0.0,1.0,0.0,0.01,0.02,0.0,0.0,0.0,0.0,0.0,0.0,,0.0,1.0,0.0,0.0,0.0,0.0,0.0,1.0,0.99,0.0,0.0,1.0,0.0,0.0,0.0,0.0,0.0,0.0
47,47,unmatched,1.0,1.0,0.0,0.0,0.0,0.0,0.0,0.0,0.0,0.0,0.0,0.0,0.0,0.01,1.0,1.0,0.0,0.16,0.0,1.0,1.0,0.0,1.0,0.0,0.0,1.0,0.0,0.0,0.0,1.0,0.0,0.0,1.0,0.76,0.0,,0.0,1.0,0.0,0.0,0.0,0.0,0.0,1.0,0.0,0.0,0.0,0.01,0.0,0.0,0.0,0.0,0.0,0.01
48,48,unmatched,1.0,1.0,0.0,0.0,0.0,0.0,0.0,0.0,0.0,0.0,0.0,0.0,0.0,0.02,1.0,1.0,0.0,1.0,0.0,1.0,1.0,0.0,1.0,0.0,0.0,1.0,0.0,0.0,0.01,0.98,0.01,0.0,0.0,0.0,0.0,,0.0,1.0,0.0,0.0,0.0,0.0,1.0,0.25,0.0,1.0,0.0,0.0,0.0,0.0,0.0,0.0,0.0,0.0
49,49,unmatched,1.0,1.0,0.0,0.0,0.0,0.0,0.0,0.0,0.0,0.0,0.0,0.0,0.0,0.0,1.0,1.0,0.0,0.92,0.09,1.0,1.0,0.0,1.0,0.0,0.0,1.0,0.0,0.0,0.0,0.0,0.02,0.0,0.0,0.0,0.0,,0.01,1.0,0.0,0.0,0.0,0.0,1.0,1.0,0.0,0.0,0.0,0.01,0.0,0.0,0.0,0.0,0.0,0.0
50,50,unmatched,1.0,1.0,0.0,0.0,0.0,0.0,0.0,0.0,0.0,0.0,0.0,0.0,0.0,0.02,1.0,1.0,0.0,0.3,0.0,1.0,1.0,0.0,1.0,0.0,0.0,1.0,0.0,0.0,0.0,0.24,0.01,0.0,1.0,0.04,0.0,,0.0,1.0,0.0,0.0,0.0,0.0,1.0,1.0,0.0,0.0,0.0,0.0,0.0,0.0,0.0,0.0,0.0,0.0
51,51,unmatched,1.0,1.0,0.0,0.0,0.0,0.0,0.0,0.0,0.0,0.0,0.0,0.0,0.0,0.02,1.0,1.0,0.0,0.98,0.0,1.0,1.0,0.0,1.0,0.0,0.0,1.0,0.0,1.0,0.96,0.83,0.01,0.0,0.0,0.0,0.0,,0.0,1.0,0.0,1.0,0.0,0.0,1.0,1.0,0.0,0.0,0.0,0.03,0.0,0.0,0.0,1.0,0.0,0.0
52,52,unmatched,1.0,1.0,0.0,0.0,0.0,0.0,0.0,0.0,0.0,0.0,0.0,0.0,0.0,0.0,1.0,1.0,0.01,0.87,0.0,1.0,1.0,0.0,1.0,0.0,0.0,1.0,0.0,0.0,0.0,0.0,0.0,0.0,1.0,0.0,0.0,,0.37,1.0,0.0,0.0,0.0,0.0,0.3,1.0,0.0,0.0,0.0,0.0,0.0,0.0,0.0,0.0,0.0,0.0
53,53,unmatched,1.0,1.0,0.0,0.0,0.0,0.0,0.0,0.0,0.0,0.0,0.0,0.0,0.0,0.0,1.0,1.0,0.0,0.99,0.0,1.0,1.0,0.0,1.0,0.0,0.0,1.0,0.0,0.01,0.0,0.01,0.0,0.0,0.0,0.0,0.0,,0.0,1.0,0.0,0.98,0.0,0.0,1.0,1.0,0.0,0.07,0.0,0.23,0.0,0.99,0.0,0.0,0.0,0.0
54,54,unmatched,0.0,0.0,0.0,0.0,1.0,0.0,0.0,0.0,0.0,0.0,0.0,0.0,0.0,0.01,1.0,1.0,0.0,1.0,0.02,1.0,1.0,0.0,1.0,0.0,0.0,0.2,0.0,0.98,0.92,0.0,0.0,0.0,0.0,0.0,0.0,,0.0,1.0,0.0,1.0,0.0,0.0,0.0,1.0,0.0,0.0,0.0,0.0,0.0,0.04,0.09,0.0,0.0,0.0
Tm29,55,exact,0.0,0.0,0.0,0.0,1.0,0.0,0.0,0.0,0.0,0.0,0.0,0.0,0.0,0.0,1.0,1.0,0.0,0.98,0.0,1.0,1.0,0.0,1.0,0.0,0.0,1.0,0.0,0.0,0.0,0.0,0.0,0.0,0.0,0.0,0.0,,0.0,1.0,1.0,0.0,0.0,0.0,0.99,1.0,0.0,0.0,0.0,0.0,0.0,0.0,0.0,0.0,0.0,0.0
56,56,unmatched,0.0,0.0,0.0,0.0,1.0,0.0,0.0,0.0,0.0,0.0,0.0,0.0,0.0,0.0,1.0,1.0,0.01,0.99,0.0,1.0,1.0,0.0,1.0,0.0,0.0,1.0,0.0,0.95,1.0,0.0,0.0,0.0,0.0,0.0,0.0,,0.0,1.0,0.0,0.0,0.0,0.0,0.99,1.0,1.0,0.69,0.0,0.58,0.0,0.0,0.0,0.0,0.0,0.0
57,57,unmatched,0.01,0.0,0.0,0.0,1.0,0.0,0.0,0.0,0.0,0.0,0.0,0.0,0.0,0.0,1.0,1.0,0.02,0.99,0.08,1.0,1.0,0.0,1.0,0.0,0.0,1.0,0.0,1.0,1.0,0.0,0.0,0.0,0.0,0.0,0.0,,0.0,1.0,0.0,1.0,0.0,0.0,1.0,1.0,0.0,0.0,0.0,0.01,0.0,0.0,0.08,0.01,0.0,0.0
58,58,unmatched,1.0,1.0,0.0,0.0,0.0,0.0,0.0,0.0,0.0,0.0,0.0,0.0,0.0,0.01,1.0,1.0,0.0,0.98,0.51,1.0,1.0,0.0,1.0,0.0,0.0,1.0,0.0,1.0,1.0,0.0,0.0,0.0,0.0,0.0,0.0,,0.0,1.0,0.0,1.0,0.71,0.0,1.0,1.0,0.93,0.0,0.0,0.24,0.62,1.0,0.83,0.0,1.0,0.0
59,59,unmatched,1.0,1.0,0.0,0.0,0.0,0.0,0.0,0.0,0.0,0.0,0.0,0.0,0.0,0.01,1.0,1.0,0.0,0.98,0.0,1.0,1.0,0.0,1.0,0.0,0.0,1.0,0.0,1.0,0.98,0.0,0.0,0.0,0.0,0.0,0.0,,0.0,1.0,0.0,0.0,0.0,0.0,1.0,1.0,0.0,0.0,0.0,0.05,0.0,1.0,0.0,0.0,1.0,0.0
T2a,60,exact,1.0,1.0,0.0,0.0,0.0,0.0,0.0,0.0,0.0,1.0,0.0,0.0,0.0,0.71,1.0,1.0,0.0,0.02,1.0,1.0,1.0,0.0,1.0,0.0,0.0,1.0,0.0,0.02,1.0,0.0,0.0,0.0,0.0,0.0,0.0,,0.17,1.0,0.04,0.0,0.0,0.0,1.0,1.0,0.0,0.0,0.0,0.0,0.0,0.0,0.0,1.0,0.0,0.0
Tm20,61,exact,0.89,1.0,0.0,0.0,0.0,0.0,0.0,0.0,0.0,0.0,0.0,0.0,0.0,0.0,1.0,1.0,0.0,0.0,0.0,1.0,1.0,0.0,1.0,0.0,0.0,1.0,0.0,0.0,0.0,0.0,0.0,0.0,1.0,0.0,0.0,,0.88,1.0,0.0,0.0,0.0,0.0,1.0,1.0,0.0,0.0,0.0,0.0,0.39,0.0,0.0,1.0,0.0,0.0
62,62,unmatched,0.11,1.0,0.0,0.0,0.0,0.0,0.0,0.0,0.0,1.0,0.0,0.0,0.0,0.21,1.0,1.0,0.0,1.0,0.0,1.0,1.0,0.0,1.0,0.0,0.0,0.97,0.0,1.0,0.58,0.0,0.3,0.0,0.0,0.0,0.0,,0.03,1.0,0.0,0.0,0.0,0.0,1.0,1.0,0.0,0.0,0.0,0.0,0.61,0.0,0.0,0.02,0.0,0.01
63,63,unmatched,0.99,1.0,0.0,0.0,0.0,0.0,0.0,0.0,0.0,0.0,0.0,0.0,0.0,0.0,1.0,1.0,0.0,0.98,0.0,1.0,1.0,0.0,1.0,0.0,0.0,1.0,0.0,0.0,0.0,0.0,0.0,0.0,0.0,0.01,0.0,,0.0,1.0,0.16,1.0,0.0,0.0,0.97,1.0,0.0,0.0,0.0,0.0,0.0,0.23,0.64,0.0,0.0,0.0
LC12*,64,fuzzy,0.81,1.0,0.0,0.0,0.0,0.0,0.0,0.0,0.0,0.0,0.0,0.0,0.0,0.0,1.0,1.0,0.0,0.0,1.0,1.0,1.0,0.0,1.0,0.0,0.0,1.0,0.0,0.0,0.0,0.0,0.0,0.0,0.0,0.0,0.0,,0.35,1.0,0.0,0.0,0.0,0.0,1.0,1.0,0.0,0.0,0.0,0.93,0.01,0.0,0.0,0.88,0.0,0.0
65,65,unmatched,0.54,1.0,0.0,0.0,0.0,0.0,0.0,0.0,0.0,0.0,0.0,0.0,0.0,0.01,1.0,1.0,0.0,1.0,0.0,1.0,1.0,0.0,1.0,0.0,0.0,1.0,0.0,0.0,0.0,0.0,0.0,0.0,0.0,0.0,0.0,,0.0,1.0,0.0,1.0,0.0,0.0,1.0,1.0,0.0,0.0,0.0,0.21,0.03,0.0,0.0,0.0,0.0,0.0
LLPC1,66,exact,0.48,1.0,0.0,0.0,0.0,0.0,0.0,0.0,0.0,0.01,0.0,0.0,0.0,0.0,1.0,1.0,0.0,1.0,0.0,1.0,1.0,0.0,1.0,0.0,0.0,1.0,0.0,0.92,0.32,0.0,0.0,0.0,0.0,0.0,0.0,,0.0,1.0,0.0,0.0,0.0,0.0,1.0,1.0,0.0,0.0,0.0,0.0,0.0,0.0,0.0,0.0,0.0,0.0
67,67,unmatched,1.0,1.0,0.0,0.0,0.0,0.0,0.0,0.0,0.0,1.0,0.0,0.0,0.0,0.44,1.0,1.0,0.01,1.0,0.07,1.0,1.0,0.0,1.0,0.0,0.98,1.0,0.0,0.0,0.24,0.27,0.52,0.0,0.0,0.0,0.0,,0.0,1.0,1.0,0.8,0.0,0.0,0.14,1.0,0.0,0.0,0.0,0.0,0.0,1.0,0.07,0.0,0.0,0.0
68,68,unmatched,1.0,1.0,0.0,0.0,0.0,0.0,0.0,0.0,0.0,0.0,0.0,0.0,0.0,0.11,1.0,1.0,0.01,1.0,0.0,1.0,1.0,0.0,1.0,0.0,0.0,1.0,0.0,0.0,0.0,0.0,0.0,0.0,0.0,0.0,0.0,,0.0,1.0,0.0,0.0,0.0,0.0,1.0,1.0,0.96,0.55,0.0,0.13,0.0,0.0,0.0,0.0,0.0,0.0
69,69,unmatched,0.9,1.0,0.0,0.0,0.0,0.0,0.0,0.0,0.0,0.0,0.0,0.0,0.0,0.18,1.0,0.98,0.0,1.0,0.0,1.0,1.0,0.0,1.0,0.0,0.0,1.0,0.0,0.99,0.57,0.0,0.09,0.0,0.0,0.0,0.0,,0.0,1.0,0.0,1.0,0.0,0.0,0.88,1.0,0.0,0.0,0.0,0.0,0.0,0.0,0.0,0.0,0.0,0.0
TmY8*,70,unmatched,0.19,1.0,0.0,0.0,0.0,0.0,0.0,0.0,0.0,0.0,0.0,0.0,0.0,0.0,1.0,1.0,0.0,1.0,0.0,1.0,1.0,0.0,1.0,0.0,0.0,1.0,0.0,0.02,0.25,0.0,0.0,0.0,0.0,0.0,0.0,,0.0,1.0,0.0,0.0,0.0,0.0,0.0,1.0,0.0,0.0,0.0,0.0,0.0,0.0,0.0,1.0,0.0,0.0
71,71,unmatched,0.72,1.0,0.0,0.0,0.0,0.0,0.0,0.0,0.0,0.0,0.0,0.0,0.0,0.65,1.0,1.0,0.0,0.05,0.0,1.0,1.0,0.0,1.0,0.0,0.0,1.0,0.0,0.0,0.25,0.0,0.0,0.0,0.0,0.0,0.0,,0.06,1.0,0.0,1.0,0.0,0.0,0.0,1.0,0.0,0.0,0.0,0.0,0.03,0.0,0.0,0.0,0.0,0.0
LPC1,72,exact,0.83,1.0,0.0,0.0,0.0,0.0,0.0,0.0,0.0,0.0,0.0,0.0,0.0,0.0,1.0,1.0,0.0,1.0,0.0,1.0,1.0,0.0,1.0,0.0,0.0,1.0,0.0,0.0,0.0,0.0,0.0,0.0,0.0,0.0,0.0,,0.0,1.0,0.0,0.0,0.0,0.0,1.0,1.0,0.0,0.0,0.0,0.22,0.01,0.0,0.0,0.0,0.0,0.0
73,73,unmatched,0.97,1.0,0.0,0.0,0.0,0.0,0.0,0.0,0.0,0.0,0.0,0.0,0.0,0.0,1.0,1.0,0.01,1.0,0.0,1.0,1.0,0.0,1.0,0.0,0.0,1.0,0.0,0.0,0.08,0.07,0.22,0.0,0.0,0.04,0.0,,0.0,1.0,0.0,0.0,0.0,0.0,0.01,0.92,0.0,0.0,0.0,0.0,0.71,0.0,1.0,0.0,0.99,0.0
74,74,unmatched,0.99,1.0,0.0,0.0,0.0,0.0,0.0,0.0,0.0,0.0,0.0,0.0,0.0,0.01,1.0,1.0,0.0,1.0,0.0,1.0,1.0,0.0,1.0,0.0,0.0,1.0,0.0,1.0,0.85,0.0,0.0,0.0,0.0,0.0,0.0,,0.0,1.0,0.0,0.03,0.0,0.99,0.23,1.0,0.0,0.0,0.0,0.0,0.0,0.0,0.8,0.0,0.0,0.0
TmY4*,75,fuzzy,0.97,1.0,0.0,0.0,0.0,0.0,0.0,0.0,0.0,0.0,0.0,0.0,0.0,0.0,1.0,1.0,0.0,0.9,0.0,1.0,1.0,0.0,1.0,0.0,0.0,1.0,0.0,0.02,0.06,0.0,0.0,0.0,0.0,0.0,0.0,,0.16,1.0,0.0,1.0,0.0,0.0,0.28,1.0,0.0,0.0,0.0,0.0,0.0,0.0,0.0,0.0,0.0,0.0
76,76,unmatched,1.0,1.0,0.0,0.0,0.0,0.0,0.0,0.0,0.0,0.0,0.0,0.0,0.0,0.05,1.0,1.0,0.0,1.0,0.0,1.0,1.0,0.0,1.0,0.0,0.0,1.0,0.0,1.0,1.0,0.0,0.0,0.0,0.0,0.0,0.0,,0.0,1.0,0.0,0.0,0.0,0.0,0.43,1.0,0.0,0.0,0.0,0.84,0.0,0.0,0.0,0.0,0.0,0.0
LC10a,77,exact,0.98,1.0,0.0,0.0,0.0,0.0,0.0,0.0,0.0,0.0,0.0,0.0,0.0,0.0,1.0,1.0,0.0,0.64,0.0,1.0,1.0,0.0,1.0,0.0,0.0,1.0,0.0,0.0,0.0,0.0,0.0,0.0,0.0,0.0,0.0,,0.0,1.0,1.0,1.0,0.0,0.0,0.99,1.0,0.0,0.0,0.0,0.97,0.0,0.0,0.17,0.0,0.0,0.0
LC10d,78,exact,0.98,1.0,0.0,0.0,0.0,0.0,0.0,0.0,0.0,0.0,0.0,0.0,0.0,0.0,1.0,1.0,0.0,0.51,0.0,1.0,1.0,0.0,1.0,0.0,0.0,1.0,0.0,1.0,0.99,0.0,0.02,0.0,0.0,0.0,0.0,,0.0,1.0,0.0,0.0,0.0,0.0,1.0,1.0,0.0,0.0,0.0,0.0,0.0,0.0,0.0,0.0,0.0,0.0
LC10b,79,exact,0.86,1.0,0.0,0.0,0.0,0.0,0.0,0.0,0.0,0.0,0.0,0.0,0.0,0.08,1.0,1.0,0.0,0.9,0.0,1.0,1.0,0.0,1.0,0.0,0.0,1.0,0.0,0.4,0.8,0.04,0.03,0.0,0.0,0.0,0.0,,0.0,1.0,0.0,1.0,0.0,1.0,1.0,1.0,0.0,0.0,0.0,0.81,0.0,0.0,0.94,0.0,0.0,0.0
80,80,unmatched,0.82,1.0,0.0,0.0,0.0,0.0,0.0,0.0,0.0,0.0,0.0,0.0,0.0,0.0,1.0,1.0,0.01,1.0,0.0,1.0,1.0,0.0,1.0,0.0,0.0,1.0,0.0,1.0,1.0,0.0,0.0,0.0,0.01,0.0,0.0,,0.0,1.0,0.0,0.0,0.0,0.0,1.0,1.0,0.0,0.0,0.0,0.0,0.01,1.0,0.01,0.0,0.0,0.0
81,81,unmatched,1.0,1.0,0.0,0.0,0.0,0.0,0.0,0.0,0.0,0.0,0.0,0.0,0.0,0.01,1.0,1.0,0.0,0.99,0.0,1.0,1.0,0.0,1.0,0.0,0.0,1.0,0.0,0.0,0.01,0.0,0.0,0.0,0.0,0.0,0.0,,0.01,1.0,0.0,0.56,0.0,0.0,1.0,1.0,0.0,0.0,0.0,0.02,0.0,0.0,0.0,0.0,0.0,0.0
82,82,unmatched,0.99,1.0,0.0,0.0,0.0,0.0,0.0,0.0,0.0,0.0,0.0,0.0,0.0,0.13,1.0,1.0,0.01,0.36,0.0,1.0,1.0,0.0,1.0,0.0,0.0,1.0,0.0,0.0,0.0,0.0,0.0,0.0,0.0,0.0,0.0,,0.0,1.0,0.0,0.0,0.0,0.0,1.0,1.0,0.0,0.0,0.0,0.01,0.0,1.0,0.0,0.0,0.0,0.0
83,83,unmatched,1.0,1.0,0.0,0.0,0.0,0.0,0.0,0.0,0.0,0.0,0.0,0.0,0.0,0.01,1.0,1.0,0.0,0.99,0.0,1.0,1.0,0.0,1.0,0.0,0.0,1.0,0.0,0.63,0.44,0.0,0.0,0.0,0.0,0.0,0.0,,0.0,1.0,0.0,1.0,0.0,0.0,0.98,1.0,0.0,0.0,0.0,0.01,0.0,0.0,0.0,0.0,0.0,0.0
84,84,unmatched,1.0,1.0,0.0,0.0,0.0,0.0,0.0,0.0,0.0,0.0,0.0,0.0,0.0,0.0,1.0,1.0,0.0,0.95,0.0,1.0,1.0,0.0,1.0,0.0,0.0,1.0,0.0,0.0,0.0,0.0,0.0,0.0,1.0,0.0,0.0,,0.44,1.0,0.0,0.0,0.0,0.0,0.83,1.0,0.0,0.0,0.0,0.0,0.01,0.0,0.0,0.15,0.0,0.0
85,85,unmatched,0.88,1.0,0.0,0.0,1.0,0.0,0.0,0.0,0.0,0.0,1.0,1.0,0.0,0.0,1.0,1.0,0.0,0.95,0.0,1.0,1.0,0.0,1.0,0.0,0.0,0.99,0.0,0.41,0.63,0.07,0.25,0.0,0.0,0.0,0.0,,0.0,1.0,0.0,1.0,0.0,0.0,1.0,1.0,0.0,0.0,0.0,0.0,0.01,0.1,0.0,0.0,0.0,0.0
86,86,unmatched,1.0,1.0,0.0,0.0,0.0,0.0,0.0,0.0,0.0,0.0,0.0,0.0,0.0,0.01,1.0,1.0,0.0,0.97,0.0,1.0,1.0,0.0,1.0,0.0,0.0,1.0,0.0,0.0,0.0,0.5,0.0,0.0,0.0,0.0,0.0,,0.0,1.0,0.0,1.0,0.0,0.0,1.0,0.71,0.0,0.0,0.0,0.98,0.0,0.0,0.0,0.0,0.0,0.0
87,87,unmatched,1.0,1.0,0.0,0.0,0.0,0.0,0.0,0.0,0.0,0.0,0.0,0.0,0.0,0.0,1.0,1.0,0.0,1.0,0.01,1.0,1.0,0.0,1.0,0.0,0.0,1.0,0.0,0.01,0.2,0.0,0.03,0.0,0.0,0.0,0.0,,0.0,1.0,0.0,0.29,0.0,0.0,1.0,1.0,0.0,0.0,0.0,0.46,0.0,0.0,0.0,0.0,0.0,0.99
90,90,unmatched,1.0,1.0,0.0,0.0,0.0,0.0,0.0,0.0,0.0,0.0,0.0,0.0,0.0,0.01,1.0,1.0,0.0,0.96,0.0,1.0,1.0,0.0,1.0,0.0,0.0,1.0,0.0,1.0,1.0,0.01,0.07,0.0,0.0,0.0,0.0,,0.0,1.0,0.0,0.0,0.0,0.0,1.0,1.0,0.0,0.0,0.0,0.02,0.0,0.02,0.0,0.0,0.0,0.0
91,91,unmatched,1.0,1.0,0.0,0.0,0.0,0.0,0.0,0.0,0.0,0.0,0.0,0.0,0.0,0.0,1.0,1.0,0.01,0.9,0.0,1.0,1.0,0.0,1.0,0.0,0.0,1.0,0.0,0.0,0.0,0.0,0.0,0.0,0.0,0.0,0.0,,0.0,1.0,0.0,1.0,0.0,0.0,1.0,1.0,0.0,0.0,0.0,0.0,0.0,0.0,0.0,0.0,0.0,1.0
92,92,unmatched,0.6,1.0,0.0,0.0,0.0,0.0,0.0,0.0,0.0,0.0,0.0,0.0,0.0,0.0,1.0,1.0,0.0,0.99,0.0,1.0,1.0,0.0,1.0,0.0,0.0,1.0,0.0,1.0,1.0,0.0,0.0,0.0,0.0,0.0,0.0,,0.0,1.0,1.0,1.0,0.0,0.0,1.0,1.0,0.0,0.0,0.0,0.4,0.98,1.0,0.99,0.0,0.0,0.0
93,93,fuzzy,1.0,1.0,0.0,0.0,0.0,0.0,0.0,0.0,0.0,0.0,0.0,0.0,0.0,0.0,1.0,1.0,0.0,1.0,0.0,1.0,1.0,0.0,1.0,0.0,0.0,1.0,0.0,1.0,0.88,0.52,0.0,0.0,0.0,0.0,0.0,,0.0,1.0,0.0,0.0,0.0,0.0,1.0,1.0,0.0,0.0,0.0,0.0,0.0,0.0,0.0,0.0,0.0,0.0
94,94,unmatched,1.0,1.0,0.0,0.0,0.0,0.0,0.0,0.0,0.0,0.0,0.0,0.0,0.0,0.02,1.0,1.0,0.0,0.11,0.0,1.0,1.0,0.0,1.0,0.0,0.0,1.0,0.0,1.0,1.0,0.0,0.0,0.0,0.0,0.0,0.0,,0.0,1.0,0.0,0.0,0.0,0.0,0.0,1.0,0.0,0.0,0.0,1.0,0.0,0.0,0.0,0.0,0.0,0.0
95,95,unmatched,1.0,1.0,0.0,0.0,0.0,0.0,0.0,0.0,0.0,1.0,0.0,0.0,0.0,0.0,1.0,1.0,0.0,0.11,0.0,1.0,1.0,0.0,1.0,0.0,0.0,1.0,0.0,0.9,0.28,0.0,0.0,0.0,0.0,0.0,0.0,,0.0,1.0,0.0,1.0,0.0,0.0,0.0,1.0,0.0,0.0,0.0,0.02,0.0,0.0,0.0,0.0,0.0,0.0
96,96,unmatched,1.0,1.0,0.0,0.0,0.0,0.0,0.0,0.0,0.0,0.0,0.0,0.0,0.0,0.26,1.0,1.0,0.0,0.93,0.0,1.0,1.0,0.0,1.0,0.0,0.0,0.97,0.0,0.03,0.02,1.0,0.23,0.0,0.9,0.0,0.0,,0.0,1.0,0.0,0.0,0.0,0.0,0.0,1.0,0.0,0.0,0.0,0.03,0.0,0.0,0.0,0.0,0.14,0.0
98,98,unmatched,1.0,1.0,0.0,0.0,0.0,0.0,0.0,0.0,0.0,0.0,0.0,0.0,0.0,0.04,1.0,1.0,0.01,1.0,0.0,1.0,1.0,0.0,1.0,0.0,0.0,1.0,0.0,0.0,0.04,0.0,0.19,0.0,0.0,0.0,0.0,,0.0,1.0,0.0,1.0,0.0,0.99,1.0,1.0,0.0,0.0,0.0,0.0,0.99,0.0,0.0,0.0,0.0,0.0
99,99,unmatched,0.99,1.0,0.0,0.0,0.0,0.0,0.0,0.0,0.0,0.0,0.0,0.0,0.0,0.01,1.0,1.0,0.0,1.0,0.49,1.0,1.0,0.0,1.0,0.0,0.0,1.0,0.0,1.0,1.0,0.0,0.03,0.0,0.0,0.02,0.0,,0.0,1.0,0.0,1.0,0.0,0.0,1.0,1.0,0.02,0.07,0.0,0.0,0.01,0.85,0.05,0.0,0.0,0.0
LC16,100,exact,1.0,1.0,0.0,0.0,0.0,0.0,0.0,0.0,0.0,0.0,0.0,0.0,0.0,0.05,1.0,1.0,0.0,0.98,0.0,1.0,1.0,0.0,1.0,0.0,0.0,1.0,0.0,0.22,0.63,0.0,0.08,0.0,0.0,0.0,0.0,,0.0,1.0,0.0,1.0,0.0,0.63,1.0,1.0,0.0,0.0,0.0,0.0,0.09,1.0,1.0,0.0,0.0,0.0
101,101,unmatched,1.0,1.0,0.0,0.0,0.0,0.0,0.0,0.0,0.0,0.0,0.0,0.0,0.0,0.25,1.0,1.0,0.0,0.85,0.0,1.0,1.0,0.0,1.0,0.0,0.0,1.0,0.0,0.89,0.3,0.98,0.13,0.0,0.0,0.0,0.0,,0.0,1.0,0.0,0.99,0.0,0.0,1.0,1.0,0.0,0.0,0.0,0.0,0.0,0.0,0.0,0.0,0.0,0.0
102,102,unmatched,0.99,1.0,0.0,0.0,0.07,0.0,0.0,0.0,0.0,0.0,0.0,0.0,0.0,0.01,1.0,0.99,0.01,1.0,0.0,1.0,1.0,0.0,1.0,0.0,0.0,1.0,0.0,0.5,0.93,0.01,0.09,0.0,0.0,0.0,0.0,,0.0,1.0,0.0,1.0,0.0,0.0,1.0,1.0,0.0,0.0,0.0,0.0,0.02,0.02,0.01,0.0,0.0,0.0
103,103,unmatched,1.0,1.0,0.0,0.0,0.0,0.0,0.0,0.0,0.0,0.0,0.0,0.0,0.0,0.01,1.0,1.0,0.0,0.97,0.0,1.0,1.0,0.0,1.0,0.0,0.0,1.0,0.0,0.0,0.08,0.0,0.0,0.0,0.0,0.0,0.0,,0.05,1.0,0.0,0.0,0.0,0.0,1.0,1.0,0.0,0.0,0.0,0.97,0.0,0.0,0.0,1.0,0.0,0.0
Tm5ab,104,class,1.0,1.0,0.0,0.0,0.0,0.0,0.0,0.0,0.0,1.0,0.0,0.0,0.0,0.0,1.0,0.99,0.0,0.76,0.0,1.0,1.0,0.0,1.0,0.0,0.0,1.0,0.0,0.0,0.0,0.0,0.0,0.0,1.0,0.0,0.0,,0.0,1.0,0.0,0.0,0.0,0.0,0.0,1.0,0.0,0.0,0.0,0.58,0.02,0.0,0.0,0.0,0.0,0.0
105,105,unmatched,1.0,1.0,0.0,0.0,0.0,0.0,0.0,0.0,0.0,0.0,0.0,0.0,0.0,0.0,1.0,1.0,0.0,1.0,0.0,1.0,1.0,0.0,1.0,0.0,0.0,1.0,0.0,0.0,0.0,0.0,0.0,0.0,0.0,0.0,0.0,,0.07,1.0,0.0,0.0,0.0,0.0,1.0,1.0,0.54,0.0,0.0,0.09,1.0,0.0,0.0,0.0,0.0,0.67
106,106,unmatched,1.0,1.0,0.0,0.0,0.0,0.0,0.0,0.0,0.0,0.0,0.0,0.0,0.0,0.0,1.0,1.0,0.0,0.91,0.0,1.0,1.0,0.0,1.0,0.0,0.0,1.0,0.0,1.0,0.35,1.0,0.0,0.0,0.0,0.0,0.0,,0.0,1.0,0.0,1.0,0.0,0.0,1.0,0.92,0.0,0.0,0.0,0.0,0.0,0.0,0.76,0.0,1.0,0.0
L4,107,exact,1.0,1.0,0.0,0.0,0.0,0.0,0.0,0.0,0.0,0.0,0.0,0.0,0.0,0.0,1.0,1.0,0.0,0.22,0.0,0.0,0.95,0.0,0.99,0.0,0.0,0.94,0.0,0.0,0.0,0.0,0.0,0.0,0.0,0.0,0.0,,0.0,1.0,0.0,0.0,0.0,0.0,0.0,1.0,0.0,0.01,0.0,0.02,0.0,0.0,0.0,0.0,0.0,0.0
L2,108,exact,1.0,1.0,0.0,0.0,0.0,0.0,0.0,0.0,0.0,0.0,0.0,0.0,0.0,0.0,1.0,1.0,0.0,0.01,0.0,0.0,1.0,0.0,0.0,0.0,1.0,1.0,0.0,0.0,0.0,0.0,0.0,0.0,1.0,0.0,0.0,,0.0,1.0,0.29,0.0,0.0,0.0,0.0,1.0,0.0,0.0,0.0,0.82,0.0,0.0,0.0,0.0,1.0,0.0
L1,109,exact,0.0,0.0,0.0,0.0,1.0,0.0,0.0,0.0,0.0,0.0,0.0,0.0,0.0,0.0,1.0,1.0,0.0,0.0,0.0,0.0,1.0,0.0,0.0,0.0,1.0,0.0,0.0,0.0,0.0,0.0,0.0,0.0,1.0,0.98,0.0,,0.0,0.97,0.0,0.0,0.0,0.0,0.0,1.0,0.0,0.0,0.0,1.0,0.0,0.0,0.0,0.95,0.0,0.0
L3,110,exact,1.0,1.0,0.0,0.0,0.0,0.0,0.0,0.0,0.0,0.0,0.0,0.0,0.0,0.0,1.0,1.0,0.0,0.02,0.0,0.68,0.65,0.0,0.09,0.0,0.93,1.0,0.0,0.0,0.0,0.0,1.0,0.0,1.0,0.0,0.0,,0.0,1.0,0.0,0.0,0.0,0.0,0.0,0.0,0.0,0.0,0.0,0.0,0.0,0.0,0.0,1.0,1.0,0.0
LC17*,111,fuzzy,0.99,1.0,0.0,0.0,0.0,0.0,0.0,0.0,0.0,0.0,0.0,0.0,0.0,0.02,1.0,1.0,0.0,1.0,0.0,1.0,1.0,0.0,1.0,0.0,0.0,0.78,0.0,0.0,0.0,0.0,0.0,0.0,0.0,0.0,0.0,,0.77,1.0,0.0,0.0,0.0,1.0,0.0,1.0,0.0,0.0,0.0,0.99,0.01,0.0,0.0,1.0,0.0,1.0
112,112,unmatched,0.29,1.0,0.0,0.0,0.0,0.0,0.0,0.0,0.0,0.0,0.0,0.0,0.0,0.01,1.0,1.0,0.0,1.0,0.0,1.0,0.59,0.0,1.0,0.0,0.0,0.99,0.0,1.0,0.15,0.0,0.0,0.0,0.0,0.0,0.0,,0.0,1.0,0.0,1.0,0.99,1.0,0.99,1.0,1.0,1.0,0.0,0.0,0.03,0.97,0.85,0.0,0.0,0.0
Lawf1,113,exact,1.0,1.0,0.0,0.0,0.0,0.0,0.0,0.0,0.0,0.0,0.0,0.0,0.0,0.99,1.0,1.0,0.0,0.0,0.0,1.0,1.0,0.0,1.0,0.0,0.0,1.0,0.0,0.0,0.0,0.61,0.82,0.0,0.0,1.0,0.0,,0.0,1.0,0.0,1.0,0.0,0.0,0.0,1.0,1.0,0.0,0.0,0.0,0.0,0.0,0.0,0.0,0.0,0.0
114,114,unmatched,0.0,0.0,0.0,0.0,1.0,0.0,0.0,0.0,0.0,0.0,0.0,0.0,0.0,0.01,1.0,1.0,0.0,0.04,0.55,1.0,1.0,0.0,1.0,0.0,0.0,1.0,0.0,0.99,0.89,0.0,0.0,0.0,0.0,0.0,0.0,,0.0,0.36,0.0,1.0,0.0,0.0,0.0,1.0,0.0,1.0,0.0,0.0,0.0,0.0,0.0,0.0,0.0,0.0
115,115,unmatched,0.0,0.0,0.0,0.0,1.0,0.0,0.0,0.0,0.0,0.0,0.0,0.0,0.0,0.0,1.0,1.0,0.0,0.0,0.03,1.0,0.97,0.0,1.0,0.0,0.0,1.0,0.0,1.0,1.0,0.0,0.0,0.0,0.0,0.0,0.0,,0.0,1.0,1.0,0.0,0.0,0.0,0.0,1.0,0.0,0.0,0.0,0.0,0.0,0.72,0.0,0.0,0.0,0.0
116,116,unmatched,1.0,1.0,0.0,0.0,0.0,0.0,0.0,0.0,0.0,1.0,0.0,0.0,0.0,0.0,1.0,1.0,0.0,1.0,0.0,1.0,1.0,0.0,1.0,0.0,1.0,0.99,0.0,0.0,0.0,0.0,0.0,0.0,0.0,0.0,0.0,,0.0,1.0,1.0,0.0,0.0,0.0,0.0,1.0,0.0,0.11,0.0,0.18,0.0,0.0,0.0,0.98,0.0,0.0
L5,117,exact,1.0,1.0,0.0,0.0,0.0,0.0,0.0,0.0,0.0,0.0,0.0,0.0,0.0,0.0,1.0,1.0,0.0,1.0,0.0,1.0,1.0,0.0,1.0,0.0,0.0,0.0,0.0,0.02,0.98,0.0,0.0,0.0,0.0,0.0,0.0,,0.0,1.0,0.0,0.0,0.0,0.0,0.0,1.0,0.0,1.0,0.0,0.96,0.0,0.0,0.0,0.0,0.0,0.0
Tm2,118,exact,1.0,1.0,0.0,0.0,0.0,0.0,0.0,0.0,0.0,0.0,0.0,0.0,0.0,0.01,1.0,1.0,0.0,0.97,0.42,1.0,1.0,0.0,1.0,0.0,0.0,1.0,0.0,0.0,0.0,0.0,0.0,0.0,0.0,0.0,0.0,,0.0,1.0,0.0,0.0,0.0,0.0,0.0,1.0,0.01,0.0,0.0,0.01,0.95,0.0,0.0,0.0,0.0,0.0
TmY3,119,exact,0.92,1.0,0.0,0.0,0.0,0.0,0.0,0.0,0.0,0.0,0.0,0.0,0.0,0.02,1.0,1.0,0.16,1.0,0.97,1.0,1.0,0.0,1.0,0.0,1.0,1.0,0.0,0.02,0.98,0.0,0.0,0.0,0.0,0.0,0.0,,0.0,1.0,0.0,0.0,0.0,0.0,0.0,1.0,0.0,0.0,0.0,0.0,0.0,0.99,0.0,0.0,0.0,0.0
120,120,unmatched,0.01,0.0,1.0,0.0,1.0,0.0,0.0,0.0,0.0,0.0,0.0,0.0,0.0,0.01,1.0,1.0,0.0,0.22,0.54,1.0,1.0,0.0,1.0,0.0,0.0,1.0,0.0,0.0,0.0,0.0,0.0,0.0,0.0,0.0,0.0,,0.0,0.99,0.0,0.08,0.0,0.0,0.06,1.0,0.0,0.0,0.0,0.0,0.0,0.0,0.0,0.02,0.0,0.0
123,123,unmatched,0.0,0.0,0.0,0.0,1.0,0.0,0.0,0.0,0.0,0.0,0.0,0.0,0.0,0.22,1.0,1.0,0.0,0.0,0.0,1.0,1.0,0.0,1.0,1.0,1.0,1.0,0.0,1.0,1.0,0.0,0.0,0.0,0.0,0.0,0.0,,0.0,1.0,0.0,1.0,0.0,0.85,0.0,1.0,0.2,0.95,0.0,0.06,0.93,0.0,0.2,1.0,0.0,0.0
124,124,unmatched,0.0,0.0,0.0,0.0,1.0,0.0,0.0,0.0,0.0,0.0,0.0,0.0,0.0,0.0,1.0,1.0,0.0,0.0,0.72,1.0,1.0,0.0,1.0,0.0,0.0,1.0,0.0,1.0,1.0,0.0,0.0,0.0,0.0,0.0,0.0,,0.0,1.0,0.0,0.0,0.0,1.0,0.0,1.0,0.0,1.0,0.0,0.0,0.61,0.0,0.0,0.0,0.0,0.0
Tm4,125,exact,0.98,1.0,0.0,0.0,0.0,0.0,0.0,0.0,0.0,0.0,0.0,0.0,0.0,0.37,1.0,1.0,0.0,0.95,0.0,1.0,1.0,0.0,1.0,0.0,0.0,1.0,0.0,0.0,0.0,0.0,0.0,0.0,0.0,0.0,0.0,,0.16,1.0,0.0,1.0,0.0,0.0,1.0,1.0,0.0,1.0,0.0,0.0,1.0,0.0,0.0,1.0,0.0,0.0
Tm3,126,exact,1.0,1.0,0.0,0.0,0.0,0.0,0.0,0.0,0.0,1.0,0.0,0.0,0.0,0.0,1.0,1.0,0.0,0.08,0.0,1.0,1.0,0.0,1.0,0.0,0.0,1.0,0.0,0.0,0.0,0.0,0.0,0.0,0.0,0.0,0.0,,0.03,1.0,1.0,0.0,0.0,0.0,1.0,1.0,0.0,1.0,0.0,0.0,0.0,0.07,0.0,1.0,0.0,0.0
Dm2,128,exact,1.0,1.0,0.0,0.0,0.0,0.0,0.0,0.0,0.0,0.0,0.0,0.0,0.0,0.02,1.0,1.0,0.01,1.0,0.0,1.0,1.0,0.0,1.0,1.0,1.0,1.0,0.0,1.0,0.16,0.0,0.0,0.0,0.0,0.0,0.0,,0.0,1.0,1.0,1.0,0.0,0.0,0.0,1.0,0.0,1.0,0.0,0.0,0.0,0.0,0.0,0.0,0.0,0.0
129,129,unmatched,1.0,1.0,0.0,0.0,0.0,0.0,0.0,0.0,0.0,0.0,0.0,0.0,0.0,0.0,1.0,1.0,0.0,0.97,0.0,1.0,1.0,0.0,1.0,1.0,0.0,1.0,0.0,0.18,0.02,0.0,0.0,0.0,0.0,0.0,0.0,,0.0,1.0,0.0,1.0,0.0,0.0,0.0,1.0,0.0,0.0,0.0,0.0,0.04,0.0,0.0,0.0,0.0,0.0
Dm11,136,exact,0.0,0.0,0.0,0.0,1.0,0.0,0.0,0.0,0.0,1.0,0.0,0.0,0.0,0.0,1.0,1.0,0.0,1.0,0.0,1.0,1.0,0.0,0.0,0.0,1.0,0.0,0.0,0.0,0.0,0.0,0.0,0.0,1.0,0.0,0.0,,0.0,1.0,0.0,0.0,0.0,0.0,0.0,1.0,0.0,0.0,0.0,0.0,0.0,0.0,0.0,0.98,0.0,0.0
TmY14*,137,fuzzy,0.0,0.0,0.0,0.0,1.0,0.0,0.0,0.0,0.0,0.0,0.0,0.0,0.0,0.0,1.0,1.0,0.0,0.79,0.0,1.0,1.0,0.0,1.0,0.0,0.0,1.0,0.0,0.0,0.49,0.0,0.01,0.0,0.0,0.0,0.0,,0.0,1.0,0.0,0.0,0.0,0.0,0.0,1.0,0.0,0.0,0.0,0.0,0.0,0.0,0.0,0.0,0.0,0.0
138,138,unmatched,0.0,0.0,0.0,0.0,1.0,0.0,0.0,0.0,0.0,0.0,0.0,0.0,0.0,0.87,1.0,1.0,0.0,1.0,0.03,1.0,1.0,0.0,1.0,1.0,0.0,1.0,0.0,0.21,0.77,0.0,0.34,0.0,0.0,0.0,1.0,,0.0,1.0,0.0,1.0,0.0,0.0,0.0,1.0,0.0,0.0,0.0,0.0,0.0,0.0,0.0,0.0,0.0,0.0
139,139,unmatched,1.0,1.0,0.0,0.0,0.0,0.0,0.0,0.0,0.0,0.0,0.0,0.0,0.0,0.0,1.0,1.0,0.0,0.0,0.0,1.0,1.0,0.0,1.0,0.0,0.0,1.0,0.0,0.0,0.0,0.19,0.0,0.0,0.0,0.0,0.0,,0.0,1.0,0.0,1.0,0.05,0.0,1.0,1.0,0.0,0.0,0.0,0.85,0.0,0.0,0.0,0.0,0.0,0.0
Tm1,140,exact,1.0,1.0,0.0,0.0,0.0,0.0,0.0,0.0,0.0,0.0,0.0,0.0,0.0,0.0,1.0,1.0,0.0,0.0,0.0,1.0,1.0,0.0,1.0,0.0,0.0,1.0,0.0,0.0,0.0,0.0,0.0,0.0,0.0,0.0,0.0,,1.0,1.0,0.7,1.0,0.0,0.0,0.0,1.0,0.0,1.0,0.0,0.14,0.99,0.0,0.3,0.0,0.0,0.0
Mi1,142,exact,1.0,1.0,0.0,0.0,0.0,0.0,0.0,0.0,0.0,0.0,0.0,0.0,0.0,0.0,1.0,1.0,0.0,1.0,0.0,0.99,1.0,0.0,1.0,0.0,0.0,0.28,0.0,0.0,0.0,0.0,0.0,0.0,0.0,0.0,0.0,,0.13,1.0,0.0,1.0,0.0,0.0,0.0,1.0,0.0,1.0,0.0,0.01,0.0,0.12,0.02,1.0,0.0,0.0
Dm9,144,exact,0.0,0.0,0.0,0.0,1.0,0.0,0.0,0.0,0.0,0.0,0.0,0.0,0.0,0.0,1.0,1.0,0.0,0.0,0.0,0.0,0.83,0.0,0.0,0.0,0.0,0.0,0.0,0.0,0.0,0.0,0.58,0.0,1.0,0.0,0.0,,0.0,1.0,0.0,0.0,0.0,0.0,0.0,0.0,1.0,1.0,0.0,0.0,0.0,0.0,0.0,0.03,0.0,0.0
Lai,145,exact,0.0,0.0,0.0,0.0,1.0,0.0,0.0,0.0,0.0,0.0,0.0,0.0,0.0,0.0,1.0,1.0,0.0,0.99,1.0,0.86,1.0,0.0,1.0,0.0,0.0,0.0,1.0,1.0,1.0,0.01,0.0,0.0,1.0,0.0,0.0,,0.89,1.0,0.0,1.0,0.0,0.0,0.0,1.0,0.0,1.0,0.0,0.0,0.0,0.0,0.0,0.0,0.0,0.0
146,146,unmatched,0.0,0.0,0.0,0.0,1.0,0.0,0.0,0.0,0.0,0.0,0.0,0.0,0.0,0.03,1.0,1.0,0.01,1.0,0.0,1.0,1.0,0.0,1.0,0.0,0.0,1.0,0.0,1.0,0.99,0.0,0.0,0.0,0.0,0.0,0.0,,0.0,1.0,0.0,1.0,0.0,0.0,1.0,1.0,0.0,0.0,0.0,0.0,0.0,0.0,0.0,0.0,0.0,0.0
LC4,147,exact,0.77,1.0,0.0,0.0,0.0,0.0,0.0,0.0,0.0,0.0,0.0,0.0,0.0,0.72,1.0,1.0,1.0,0.99,1.0,1.0,1.0,0.0,1.0,0.0,0.0,0.97,0.0,0.0,0.09,0.0,0.66,0.0,0.0,0.0,0.0,,1.0,0.97,0.0,0.0,0.0,0.0,0.0,1.0,1.0,0.0,0.0,0.0,0.0,0.0,0.0,0.0,0.0,0.0
LPLC1,148,exact,0.04,1.0,0.0,0.0,0.0,0.0,0.0,0.0,0.0,0.0,0.0,0.0,0.0,0.42,1.0,1.0,0.11,1.0,0.65,1.0,1.0,0.0,1.0,0.0,0.0,1.0,0.0,0.0,0.0,0.0,0.01,0.0,0.0,0.0,0.0,,0.0,1.0,0.0,0.0,0.0,0.0,0.0,1.0,0.0,0.0,0.0,0.0,0.0,1.0,0.91,0.0,0.0,0.0
149,149,unmatched,1.0,1.0,0.0,0.0,0.0,0.0,0.0,0.0,0.0,0.0,0.0,0.0,0.0,0.01,1.0,1.0,0.0,1.0,0.31,1.0,1.0,0.0,1.0,0.0,1.0,1.0,0.0,0.99,1.0,0.0,0.83,0.0,0.0,0.0,0.0,,0.0,1.0,0.0,0.0,0.0,0.0,1.0,1.0,0.0,0.0,0.0,0.0,0.0,0.01,0.0,0.0,0.0,0.0
LPLC2,150,exact,0.99,1.0,0.0,0.0,0.0,0.0,0.0,0.0,0.0,0.0,0.0,0.0,0.0,0.64,1.0,1.0,0.01,0.98,0.03,1.0,1.0,0.0,1.0,0.0,0.0,1.0,0.0,0.09,0.91,0.0,0.01,0.0,0.0,0.0,0.0,,0.0,1.0,0.0,0.0,0.0,0.0,0.0,1.0,0.0,0.0,0.0,0.0,0.04,0.0,0.0,0.0,1.0,0.0
Pm3*,151,fuzzy,0.0,0.0,1.0,1.0,0.0,0.0,0.0,0.0,0.0,0.0,0.0,0.0,0.0,0.0,1.0,0.95,0.01,1.0,0.0,0.93,1.0,0.0,1.0,0.0,0.0,1.0,0.0,0.28,0.93,0.0,0.0,0.0,0.0,1.0,1.0,,0.0,1.0,0.0,1.0,0.0,0.0,0.0,0.67,0.0,0.0,0.0,0.11,0.0,0.0,0.0,0.0,0.0,0.0
Pm4,152,exact,0.0,0.0,1.0,1.0,0.0,0.0,0.0,0.0,0.0,1.0,0.0,0.0,0.0,0.02,1.0,0.36,0.0,0.0,0.53,1.0,1.0,0.0,1.0,0.0,0.0,1.0,0.0,0.0,0.0,0.0,0.01,0.0,0.0,0.0,0.0,,0.0,1.0,1.0,1.0,0.02,1.0,0.0,0.98,1.0,0.0,0.0,0.61,1.0,0.1,0.03,0.0,0.0,0.0
153,153,unmatched,0.0,0.0,1.0,1.0,0.0,0.0,0.0,0.0,0.0,0.0,0.0,0.0,0.0,0.01,1.0,1.0,0.0,0.72,0.0,1.0,1.0,0.0,1.0,0.0,0.0,1.0,0.0,0.0,0.02,1.0,0.0,0.0,0.0,0.0,0.0,,0.0,1.0,0.0,0.0,0.0,0.0,0.0,1.0,0.0,0.0,0.0,0.0,0.0,0.06,0.0,0.0,0.0,0.0
154,154,unmatched,0.0,0.0,1.0,1.0,0.0,0.0,0.0,0.0,0.0,1.0,0.0,0.0,0.0,0.01,1.0,1.0,0.0,1.0,0.0,1.0,1.0,0.0,0.99,0.0,0.0,1.0,0.0,0.0,0.0,0.12,0.0,0.0,0.0,0.0,0.0,,0.0,1.0,0.0,0.0,0.0,0.0,1.0,1.0,0.0,0.0,0.0,0.0,0.02,0.07,0.18,0.0,0.0,0.0
155,155,unmatched,0.0,0.0,1.0,1.0,0.0,0.0,0.0,0.0,0.0,0.0,0.0,0.0,0.0,0.59,1.0,1.0,0.0,0.67,0.99,1.0,1.0,0.0,1.0,0.0,0.0,1.0,0.0,0.0,0.0,0.52,0.06,0.0,0.0,1.0,0.0,,0.0,1.0,0.0,0.0,0.05,0.0,0.99,1.0,0.0,0.0,0.0,0.0,0.71,0.0,0.87,0.0,0.0,0.0
156,156,unmatched,0.0,0.0,1.0,1.0,0.0,0.0,0.0,0.0,0.0,0.0,0.0,0.0,0.0,0.0,1.0,1.0,0.0,1.0,0.0,1.0,1.0,0.0,1.0,0.0,0.0,1.0,0.0,1.0,1.0,0.0,0.0,0.0,0.0,0.0,0.0,,0.0,1.0,0.0,1.0,0.0,0.0,1.0,1.0,0.0,0.0,0.0,0.0,0.02,0.0,0.0,0.0,0.0,0.0
157,157,unmatched,0.0,0.0,1.0,1.0,0.0,0.0,0.0,0.0,0.0,1.0,0.0,0.0,0.0,0.3,1.0,1.0,0.0,1.0,0.44,1.0,1.0,0.0,1.0,0.0,0.0,0.99,0.0,0.0,0.0,0.01,0.0,0.0,0.0,0.0,1.0,,0.0,1.0,0.0,1.0,0.0,0.0,0.0,1.0,0.0,0.0,0.0,0.0,0.99,0.0,0.0,1.0,0.0,1.0
158,158,unmatched,0.0,0.0,1.0,1.0,0.0,0.0,0.0,0.0,0.0,0.0,0.0,0.0,0.0,0.0,1.0,0.74,0.0,0.0,0.0,1.0,1.0,0.0,1.0,0.0,0.0,1.0,0.0,0.97,0.86,0.0,0.0,0.0,0.0,1.0,0.0,,0.0,1.0,0.0,0.0,0.0,0.0,0.0,0.99,0.0,0.0,0.0,0.0,0.0,0.0,0.0,0.0,0.0,0.0
159,159,unmatched,0.0,0.0,1.0,1.0,0.0,0.0,0.0,0.0,0.0,0.0,0.0,0.0,0.0,0.0,1.0,0.94,0.03,1.0,0.0,1.0,1.0,0.0,1.0,0.0,0.0,1.0,0.0,1.0,0.98,0.0,0.0,0.0,0.0,1.0,0.19,,0.0,1.0,0.0,1.0,0.0,0.0,0.0,0.99,0.0,0.0,0.0,0.0,0.25,0.0,0.0,0.0,0.0,0.0
160,160,unmatched,0.0,0.0,1.0,1.0,0.0,0.0,0.0,0.0,0.0,0.0,0.0,0.0,0.0,0.01,1.0,0.14,0.0,1.0,0.0,1.0,1.0,0.0,1.0,0.0,0.0,1.0,0.0,0.0,0.0,0.0,0.0,0.0,0.0,1.0,0.0,,0.0,1.0,0.0,1.0,0.0,0.0,0.0,1.0,0.0,0.0,0.0,0.0,0.0,0.01,0.0,1.0,0.0,0.0
161,161,unmatched,0.0,0.0,1.0,1.0,0.0,0.0,0.0,0.0,0.0,0.0,0.0,0.0,0.0,0.0,1.0,0.99,0.0,0.93,0.01,1.0,1.0,0.0,1.0,0.0,0.0,1.0,0.0,0.0,0.0,0.0,0.0,0.0,0.0,0.0,0.04,,0.0,1.0,0.0,0.0,0.0,0.0,0.0,1.0,0.0,0.0,0.0,0.0,0.0,0.15,0.0,0.0,0.0,0.0
162,162,unmatched,0.0,0.0,1.0,1.0,0.0,0.0,0.0,0.0,0.0,0.0,0.0,0.0,0.0,0.94,1.0,1.0,0.0,0.0,0.82,1.0,1.0,0.0,1.0,0.0,0.0,1.0,0.0,0.0,0.0,0.0,0.03,0.0,0.0,0.0,0.0,,0.0,1.0,0.0,1.0,0.0,0.0,0.19,1.0,0.0,0.0,0.0,0.0,0.03,0.0,0.0,1.0,0.0,0.0
Pm1,163,exact,0.0,0.0,1.0,1.0,0.0,0.0,0.0,0.0,0.0,0.0,0.0,0.0,0.0,0.08,1.0,0.97,0.0,0.97,0.0,1.0,1.0,0.0,0.37,0.0,0.0,1.0,0.0,0.0,0.02,0.0,0.0,0.0,0.0,0.0,0.0,,0.0,1.0,0.0,0.0,0.0,0.0,0.99,1.0,0.54,0.0,0.0,0.06,0.01,0.01,1.0,0.0,0.0,0.0
Mi4,164,exact,0.0,0.0,1.0,1.0,0.0,0.0,0.0,0.0,0.0,1.0,0.0,0.0,0.0,0.0,1.0,1.0,0.04,1.0,0.0,1.0,1.0,0.0,1.0,0.0,0.0,1.0,0.0,0.16,1.0,0.0,0.0,0.0,0.0,0.0,0.03,,0.0,1.0,0.0,0.12,0.0,0.0,0.0,1.0,1.0,0.0,0.0,0.0,0.0,0.0,1.0,0.0,0.0,0.0
C3,165,exact,0.0,0.0,1.0,1.0,0.0,0.0,0.0,0.0,0.0,0.0,0.0,0.0,0.0,0.0,1.0,0.99,0.0,0.0,0.0,0.99,1.0,0.0,1.0,0.0,0.0,0.33,0.0,1.0,1.0,0.0,0.0,0.0,0.0,0.0,0.0,,0.08,1.0,0.0,0.0,0.0,0.0,0.0,1.0,0.0,1.0,0.0,0.0,0.0,0.0,0.0,1.0,0.0,0.0
166,166,unmatched,0.0,0.0,1.0,1.0,0.0,0.0,0.0,0.0,0.0,0.0,0.0,0.0,0.0,0.25,1.0,1.0,0.0,0.0,0.92,1.0,1.0,0.0,1.0,0.0,0.0,1.0,0.0,0.98,1.0,1.0,0.0,0.0,0.0,0.0,0.0,,0.0,1.0,0.0,1.0,0.0,0.07,0.0,1.0,0.0,1.0,0.0,0.06,0.0,0.81,0.0,0.0,0.0,0.0
167,167,unmatched,0.0,0.0,1.0,1.0,0.0,0.0,0.0,0.0,0.0,0.0,0.0,0.0,0.0,0.0,1.0,1.0,0.01,1.0,0.0,1.0,1.0,0.0,1.0,0.0,0.0,1.0,0.0,0.67,0.99,0.0,0.0,0.0,0.0,0.0,0.0,,0.0,0.79,0.0,1.0,0.0,0.0,0.0,1.0,0.0,0.0,0.0,0.0,0.54,0.0,0.0,0.01,0.0,0.0
168,168,unmatched,0.0,0.0,1.0,1.0,0.0,0.0,0.0,0.0,0.0,0.0,0.0,0.0,0.0,0.0,1.0,1.0,0.01,0.99,0.0,1.0,1.0,0.0,1.0,0.0,0.0,1.0,0.0,0.0,0.0,0.0,0.02,0.0,0.0,0.0,0.0,,0.0,1.0,0.0,1.0,0.0,0.84,0.0,1.0,0.0,0.0,0.0,0.0,0.0,0.0,0.0,0.0,0.0,0.0
170,170,unmatched,0.38,0.0,1.0,1.0,0.0,0.0,0.0,0.0,0.0,0.76,0.0,0.0,0.0,0.0,1.0,1.0,0.0,0.99,0.0,1.0,1.0,0.0,1.0,0.0,0.0,1.0,0.0,1.0,1.0,0.01,0.0,0.0,0.0,0.0,0.0,,0.0,1.0,0.0,0.8,0.0,0.0,1.0,1.0,0.0,0.0,0.0,0.01,0.0,0.39,0.0,0.0,0.0,0.0
171,171,unmatched,0.0,0.0,1.0,1.0,0.0,0.0,0.0,0.0,0.0,0.0,0.0,0.0,0.0,0.0,1.0,1.0,0.0,1.0,0.0,1.0,1.0,0.0,0.92,0.0,0.0,1.0,0.0,1.0,1.0,0.0,0.0,0.0,0.0,0.0,0.0,,0.0,1.0,0.0,0.0,0.0,0.0,1.0,1.0,0.0,0.0,0.0,0.0,0.0,0.99,0.0,0.15,0.0,1.0
172,172,unmatched,0.0,0.0,1.0,1.0,0.0,0.0,0.0,0.0,0.0,0.0,0.0,0.0,0.0,0.0,1.0,1.0,0.0,0.94,0.0,1.0,1.0,0.0,1.0,0.0,0.0,1.0,0.0,0.0,0.0,0.0,0.0,0.0,0.0,0.0,0.0,,0.0,1.0,0.0,0.63,0.0,0.0,1.0,1.0,0.0,0.0,0.0,0.0,0.03,0.05,0.0,0.0,0.0,0.0
173,173,unmatched,0.0,0.0,1.0,1.0,0.0,0.0,0.0,0.0,0.0,0.0,0.0,0.0,0.0,0.0,1.0,0.2,0.0,1.0,0.26,1.0,1.0,0.0,1.0,0.0,0.0,1.0,0.0,1.0,0.98,0.0,0.0,0.0,0.0,0.0,0.0,,0.0,1.0,0.0,1.0,0.0,0.01,0.0,1.0,0.0,0.0,0.0,0.0,0.0,0.0,0.0,0.0,0.0,0.0
174,174,unmatched,0.0,0.0,1.0,1.0,0.0,0.0,0.0,0.0,0.0,0.0,0.0,0.0,0.0,0.0,1.0,1.0,0.0,0.0,0.19,1.0,1.0,0.0,1.0,0.0,0.0,1.0,0.0,0.95,1.0,0.84,0.0,0.0,0.0,0.01,0.0,,0.0,1.0,0.0,1.0,0.0,0.03,0.0,1.0,0.0,0.0,0.0,0.0,0.95,1.0,0.0,0.0,0.0,0.0
Pm2,175,class,0.0,0.0,1.0,1.0,0.0,0.0,0.0,0.0,0.0,0.0,0.0,0.0,0.0,0.1,1.0,1.0,0.0,0.0,1.0,1.0,1.0,0.0,0.01,0.0,0.0,1.0,0.0,0.0,0.19,0.0,1.0,0.0,0.0,0.99,1.0,,0.0,1.0,0.0,0.0,0.0,0.0,0.0,1.0,0.02,0.0,0.0,0.0,0.0,0.92,0.0,0.0,0.0,0.0
176,176,unmatched,0.0,0.0,1.0,1.0,0.0,0.0,0.0,0.0,0.0,0.0,0.0,0.0,0.0,0.01,1.0,1.0,0.0,1.0,0.03,1.0,1.0,0.0,0.0,0.0,0.0,1.0,0.0,0.01,0.87,0.01,0.0,0.0,0.0,1.0,0.0,,0.0,0.99,0.0,1.0,0.0,0.0,0.0,1.0,0.23,1.0,0.0,0.0,0.0,0.24,0.0,0.0,0.0,0.0
177,177,unmatched,0.0,0.0,1.0,1.0,0.0,0.0,0.0,0.0,0.0,0.0,0.0,0.0,0.0,0.0,1.0,0.95,0.0,0.98,0.0,1.0,1.0,0.0,1.0,0.0,0.0,1.0,0.0,1.0,1.0,0.0,0.0,0.0,0.0,0.0,0.0,,0.0,1.0,0.0,0.0,0.0,0.0,0.0,0.97,0.0,0.01,0.0,0.0,0.0,0.43,0.0,0.0,0.0,0.0
178,178,unmatched,0.0,0.0,1.0,1.0,0.0,0.0,0.0,0.0,0.0,0.0,0.0,0.0,0.0,0.0,1.0,0.19,0.0,0.29,0.01,1.0,1.0,0.0,1.0,0.0,0.0,0.99,0.0,0.99,0.99,0.0,0.91,0.0,0.0,0.0,0.0,,0.0,1.0,0.0,0.0,0.0,0.0,0.0,1.0,0.0,0.0,0.0,0.0,0.0,1.0,0.01,0.0,0.0,0.0
179,179,unmatched,0.0,0.0,1.0,1.0,0.0,0.0,0.0,0.0,0.0,0.0,0.0,0.0,0.0,0.96,1.0,0.99,0.93,0.0,0.03,1.0,1.0,0.0,1.0,0.0,0.0,1.0,0.0,0.0,0.0,0.0,0.81,0.0,0.0,0.97,1.0,,0.0,1.0,0.0,0.0,1.0,0.0,0.0,1.0,0.0,0.73,0.0,0.0,0.53,0.0,0.0,0.0,0.0,1.0
180,180,unmatched,0.0,0.0,1.0,1.0,0.0,0.0,0.0,0.0,0.0,0.0,0.0,0.0,0.0,0.94,1.0,1.0,0.88,0.0,1.0,1.0,1.0,0.0,1.0,0.0,0.0,1.0,0.0,0.0,0.0,0.0,0.76,0.0,0.0,0.03,0.0,,0.01,1.0,0.0,0.0,0.0,0.0,0.0,1.0,0.0,1.0,0.0,0.0,0.21,0.0,0.0,0.04,0.0,1.0
181,181,unmatched,0.0,0.0,1.0,1.0,0.0,0.0,0.0,0.0,0.0,0.0,0.0,0.0,0.0,0.0,1.0,1.0,0.0,0.0,1.0,1.0,1.0,0.0,1.0,0.0,0.0,1.0,0.0,1.0,1.0,0.01,0.0,0.0,0.0,0.0,0.0,,0.0,1.0,0.0,0.0,0.0,0.17,0.0,1.0,0.0,0.0,0.0,0.0,0.0,0.0,0.0,0.0,0.0,0.0
C2,182,exact,0.0,0.0,1.0,1.0,0.0,0.0,0.0,0.0,0.0,0.0,0.0,0.0,0.0,0.0,1.0,1.0,0.0,0.0,1.0,0.98,0.98,0.0,1.0,0.0,0.0,0.21,0.0,1.0,1.0,0.0,0.0,0.0,1.0,0.0,0.0,,0.0,1.0,0.0,0.0,0.0,0.0,0.0,0.98,0.0,1.0,0.0,0.0,0.08,0.86,0.0,0.0,0.0,0.0
183,183,unmatched,0.0,0.0,1.0,1.0,0.0,0.0,0.0,0.0,0.0,0.0,0.0,0.0,0.0,0.0,1.0,0.93,0.02,1.0,0.0,1.0,1.0,0.0,1.0,0.0,0.0,0.86,0.0,0.97,0.98,0.0,0.0,0.0,0.0,0.0,1.0,,0.0,1.0,0.0,0.0,0.0,0.0,0.02,1.0,0.0,0.0,0.0,0.0,0.01,0.0,0.0,0.01,1.0,0.0
184,184,unmatched,1.0,1.0,1.0,1.0,0.0,0.0,0.0,0.0,0.0,0.0,0.0,0.0,0.0,0.0,1.0,1.0,0.01,1.0,0.0,1.0,1.0,0.0,1.0,0.0,0.0,1.0,0.0,1.0,1.0,0.08,0.07,0.0,0.0,0.0,0.0,,0.0,0.98,0.0,0.0,0.0,0.0,0.41,1.0,0.0,1.0,0.0,0.0,0.0,0.0,0.01,0.0,0.0,0.0
G01,185,unmatched,0.0,0.0,0.0,0.0,0.0,0.0,0.0,0.0,0.0,0.0,0.0,0.0,0.0,0.0,1.0,0.0,0.0,0.0,0.0,0.0,0.0,0.0,0.0,0.0,0.0,0.0,0.0,0.0,0.0,0.0,0.0,0.0,0.0,0.0,0.0,,0.0,0.0,0.0,0.0,0.0,0.0,0.0,0.0,0.0,0.0,0.0,0.0,0.0,0.0,0.0,0.0,0.0,0.0
G/LQ1,186,unmatched,0.0,0.0,0.0,0.0,0.0,0.0,0.0,0.0,0.0,0.0,0.0,0.0,0.0,0.0,1.0,0.0,0.0,0.0,0.0,0.0,0.0,0.0,0.0,0.0,0.0,0.0,0.0,0.0,0.0,0.0,0.0,0.0,0.0,0.0,0.0,,0.0,0.0,0.0,0.0,0.0,0.0,0.0,0.0,0.0,0.0,0.0,0.0,0.0,0.0,0.0,0.0,0.0,0.0
G02,187,unmatched,0.0,0.0,0.0,0.0,0.0,0.0,0.0,0.0,0.0,0.0,0.0,0.0,0.0,0.0,1.0,0.0,0.0,0.0,0.0,0.0,0.0,0.0,0.0,0.0,0.0,0.75,0.0,0.0,0.0,0.0,0.0,0.0,0.0,0.0,0.0,,0.0,0.0,0.0,0.0,0.0,0.0,0.0,0.0,0.0,0.0,0.0,0.0,0.0,0.0,0.0,0.0,0.0,0.0
G14ab,188,unmatched,0.08,0.0,0.0,0.0,0.0,0.0,0.0,0.0,0.0,0.0,0.0,0.0,0.0,0.0,1.0,0.0,0.0,0.83,0.0,0.53,0.98,0.0,1.0,0.0,0.0,1.0,0.0,0.0,0.02,0.0,0.0,0.0,0.0,0.0,0.0,,0.0,1.0,0.0,0.0,0.0,0.0,0.0,0.9,0.0,0.0,0.0,0.0,0.0,0.0,0.0,0.0,0.0,0.0
G16/LQ,189,unmatched,0.0,0.0,0.0,0.0,0.0,0.0,0.0,0.0,0.0,0.0,0.0,0.0,0.0,0.0,1.0,0.05,0.0,0.02,0.0,0.0,0.04,0.0,0.34,0.0,0.0,0.54,0.0,0.0,0.01,0.0,0.0,0.0,0.0,0.0,0.0,,0.0,0.51,0.0,0.0,0.0,0.0,0.0,0.75,0.0,0.0,0.0,0.0,0.0,0.0,0.0,0.0,0.0,0.0
G/LQ2,190,unmatched,0.01,0.0,0.0,0.0,0.0,0.0,0.0,0.0,0.0,0.0,0.0,0.0,0.0,0.0,1.0,0.14,0.0,0.1,0.0,0.0,0.03,0.0,0.2,0.0,0.0,0.02,0.0,0.0,0.0,0.0,0.0,0.0,0.0,0.0,0.0,,0.0,0.05,0.0,0.0,0.0,0.0,0.0,0.01,0.0,0.0,0.0,0.0,0.0,0.0,0.0,0.0,0.0,0.0
191,191,unmatched,0.26,1.0,0.0,0.0,0.0,0.0,0.0,0.0,0.0,0.0,0.0,0.0,0.0,0.0,1.0,1.0,0.0,0.98,0.0,1.0,1.0,0.0,1.0,0.0,0.0,1.0,0.0,0.0,0.52,0.0,0.0,0.0,0.0,0.0,0.0,,0.0,1.0,0.0,0.0,0.0,0.0,0.0,1.0,0.0,0.0,0.0,0.0,0.07,0.0,0.0,1.0,0.0,0.0
LQ,192,unmatched,,,,,,,,,,,,,,,,,,,,,,,,,,,,,,,,,,,,,,,,,,,,,,,,,,,,,,
G/LQ3,196,unmatched,0.0,0.0,0.0,0.0,0.0,0.0,0.0,0.0,0.0,0.0,0.0,0.0,0.0,0.0,1.0,0.0,0.0,0.04,0.0,0.0,0.0,0.0,0.0,0.0,0.0,0.0,0.0,0.0,0.0,0.0,0.0,0.0,0.0,0.0,0.0,,0.0,0.0,0.0,0.0,0.0,0.0,0.0,0.0,0.0,0.0,0.0,0.0,0.0,0.0,0.0,0.0,0.0,0.0
G/LQ4,197,unmatched,0.0,0.0,0.0,0.0,0.0,0.0,0.0,0.0,0.0,0.0,0.0,0.0,0.0,0.0,1.0,0.04,0.0,0.31,0.0,0.0,0.09,0.0,0.75,0.0,0.0,0.2,0.0,0.0,0.01,0.0,0.0,0.0,0.0,0.0,0.0,,0.0,0.15,0.0,0.0,0.0,0.0,0.0,0.04,0.0,0.0,0.0,0.0,0.0,0.0,0.0,0.0,0.0,0.0
G03,198,unmatched,0.0,0.0,0.0,0.0,0.0,0.0,0.0,0.0,0.0,0.0,0.0,0.0,0.0,0.0,1.0,0.0,0.0,0.0,0.0,0.0,0.0,0.0,0.0,0.0,0.0,0.0,0.0,0.0,0.0,0.0,0.0,0.0,0.0,0.0,0.0,,0.0,0.0,0.0,0.0,1.0,0.0,0.0,0.0,0.0,0.0,0.0,0.0,0.0,0.0,0.0,0.0,0.0,0.0
G04,199,unmatched,0.0,0.0,0.0,0.0,0.0,0.0,0.0,0.0,0.0,0.0,0.0,0.0,0.0,0.0,1.0,0.0,0.0,0.0,0.0,0.0,0.0,0.0,0.0,0.0,0.0,0.0,0.0,0.0,0.0,0.0,0.0,0.0,0.0,0.0,0.0,,0.0,0.0,0.0,0.0,1.0,0.0,0.0,0.0,0.0,0.0,0.0,0.0,0.0,0.0,0.0,0.0,0.0,0.0
G05,200,unmatched,0.0,0.0,0.0,0.0,0.0,0.0,0.0,0.0,0.0,0.0,0.0,0.0,0.0,0.0,1.0,0.09,0.0,0.01,0.0,0.0,0.0,0.0,0.0,0.0,0.0,0.12,0.0,0.0,0.0,0.0,0.0,0.0,0.0,0.0,0.0,,0.0,0.0,0.0,0.0,0.0,0.0,0.0,0.0,0.0,0.0,0.0,0.0,0.02,0.0,0.0,0.0,0.0,0.0
G06,201,unmatched,0.0,0.0,0.0,0.0,0.0,0.0,0.0,0.0,0.0,0.0,0.0,0.0,0.0,0.0,1.0,0.0,0.0,0.0,0.0,0.0,0.0,0.0,0.0,0.0,0.0,0.93,0.0,0.0,0.0,0.0,0.0,0.0,0.0,0.0,0.0,,0.0,0.0,0.0,0.0,1.0,0.0,0.0,0.0,0.0,0.0,0.0,0.0,1.0,0.0,0.0,0.0,0.0,0.0
G07,202,unmatched,0.0,0.0,0.0,0.0,0.0,0.0,0.0,0.0,0.0,0.0,0.0,0.0,0.0,0.0,1.0,0.0,0.0,0.08,0.0,0.0,0.0,0.0,0.0,0.0,0.0,0.01,0.0,0.0,0.0,0.0,0.0,0.0,0.0,0.0,0.0,,0.0,0.0,0.0,0.0,0.0,0.0,0.0,0.07,0.0,0.0,0.0,0.0,0.0,0.0,0.0,0.0,0.0,0.0
G08,203,unmatched,0.0,0.0,0.0,0.0,0.0,0.0,0.0,1.0,0.0,0.0,0.0,0.0,0.0,0.0,1.0,0.0,0.0,0.04,0.0,0.0,0.0,0.0,0.0,0.0,0.0,0.02,0.0,0.0,0.0,0.0,0.0,0.0,0.0,0.0,0.0,,0.0,0.01,0.0,0.0,0.0,0.0,0.0,0.0,0.0,0.0,0.0,0.0,0.0,0.0,0.0,0.0,0.0,0.0
G09,204,unmatched,0.0,0.0,0.0,0.0,0.0,0.0,0.0,0.0,0.0,0.0,0.0,0.0,0.0,0.0,1.0,0.0,0.0,0.0,0.0,0.0,0.0,0.0,0.0,0.0,0.0,0.0,0.0,0.0,0.0,0.0,0.0,0.0,0.0,0.0,0.0,,0.0,0.0,0.0,0.0,0.2,0.0,0.0,0.0,0.0,0.0,0.0,0.0,0.0,0.0,0.0,0.0,0.0,0.0
G10,205,unmatched,0.0,0.0,0.0,0.0,0.0,0.0,0.0,0.0,0.0,0.0,0.0,0.0,0.0,0.0,1.0,0.0,0.0,0.0,0.0,0.0,0.0,0.0,0.0,0.0,0.0,0.0,0.0,0.0,0.0,0.0,0.0,0.0,0.0,0.0,0.0,,0.0,0.0,0.0,0.0,0.0,0.0,0.0,0.0,0.0,0.0,0.0,0.0,0.0,0.0,0.0,0.0,0.0,0.0
G11,206,unmatched,0.0,0.0,0.0,0.0,0.0,0.0,0.0,0.0,0.0,0.0,0.0,0.0,0.0,0.0,1.0,0.0,0.0,0.34,0.0,0.0,0.0,0.0,0.0,0.0,0.0,0.0,0.0,0.0,0.0,0.0,0.0,0.0,0.0,0.0,0.0,,0.0,0.01,0.0,0.0,0.0,0.0,0.0,0.01,0.0,0.0,0.0,0.0,0.64,0.0,0.0,0.0,0.0,0.0
G12,207,unmatched,0.0,0.0,0.0,0.0,0.0,0.0,0.0,0.0,0.0,0.0,0.0,0.0,0.0,0.0,1.0,0.0,0.0,0.0,0.0,0.0,0.0,0.0,0.0,0.0,0.0,0.0,0.0,0.0,0.0,0.0,0.0,0.0,0.0,0.0,0.0,,0.0,0.0,0.0,0.0,0.0,0.0,0.0,0.0,0.0,0.0,0.0,0.0,0.0,0.0,0.0,0.0,0.0,0.0
G13,208,unmatched,0.0,0.0,0.0,0.0,0.0,0.0,0.0,0.0,0.0,0.0,0.0,0.0,0.0,0.0,1.0,0.0,0.0,0.0,0.0,0.0,0.0,0.0,0.0,0.0,0.0,0.0,0.0,0.0,0.0,0.0,0.0,0.0,0.0,0.0,0.0,,0.0,0.0,0.0,0.0,0.0,0.0,0.0,0.0,0.0,0.0,0.0,0.0,0.0,0.0,0.0,0.0,0.0,0.0
221,221,unmatched,0.88,1.0,0.0,0.0,0.0,0.0,0.0,0.0,0.0,1.0,0.0,0.0,0.0,0.0,1.0,1.0,0.0,1.0,0.0,1.0,1.0,0.0,1.0,0.0,0.0,1.0,0.0,0.71,1.0,0.0,0.0,0.0,0.0,0.0,0.0,,0.0,1.0,0.0,1.0,0.0,0.0,0.0,0.68,0.0,0.0,0.0,1.0,1.0,0.99,0.99,0.0,0.0,0.0
LC6,222,exact,0.99,1.0,0.0,0.0,0.0,0.0,0.0,0.0,0.0,0.0,0.0,0.0,0.0,0.03,1.0,1.0,0.0,0.99,0.0,1.0,1.0,0.0,1.0,0.0,0.0,1.0,0.0,0.0,0.99,0.02,0.3,0.0,0.0,0.0,0.0,,0.0,1.0,0.0,1.0,0.0,0.0,0.92,1.0,0.0,0.0,0.0,0.01,0.99,0.19,0.0,0.0,0.0,0.0
Dm3a,225,class,0.0,0.0,0.0,0.0,1.0,0.0,0.0,0.0,0.0,0.0,0.0,0.0,0.0,0.25,1.0,1.0,0.04,0.0,0.0,1.0,1.0,0.0,1.0,0.0,0.0,1.0,0.0,1.0,0.5,0.0,0.0,0.0,0.08,0.0,0.0,,0.0,1.0,0.01,1.0,0.0,0.0,0.0,1.0,0.0,1.0,0.0,0.98,1.0,0.0,0.0,0.0,0.0,0.0
Dm3b,226,class,0.0,0.0,0.0,0.0,1.0,0.0,0.0,0.0,0.0,0.0,0.0,0.0,0.0,0.19,1.0,1.0,0.03,0.0,0.0,1.0,1.0,0.0,1.0,0.0,0.0,1.0,0.0,0.62,0.04,0.0,0.0,0.0,0.98,0.0,0.0,,0.0,1.0,0.0,1.0,0.0,0.0,0.0,1.0,0.0,1.0,0.0,0.99,1.0,0.0,0.02,0.0,0.0,0.0
Tm9v,227,class,1.0,1.0,0.0,0.0,0.0,0.0,0.0,0.0,0.0,0.0,0.0,0.0,0.0,0.0,1.0,1.0,0.0,0.0,0.0,1.0,1.0,0.0,1.0,0.0,0.0,0.0,0.0,0.0,0.0,0.01,0.0,0.0,0.0,0.0,0.0,,0.0,1.0,0.0,0.0,0.0,0.0,0.0,1.0,0.0,1.0,0.0,0.99,0.0,0.0,0.0,1.0,0.0,0.0
Tm9d,228,class,1.0,1.0,0.0,0.0,0.0,0.0,0.0,0.0,0.0,0.0,0.0,0.0,0.0,0.0,1.0,1.0,0.0,0.0,0.0,0.89,1.0,0.0,1.0,0.0,0.0,0.0,0.0,0.0,0.0,0.04,0.0,0.0,0.0,0.0,0.0,,0.0,1.0,0.0,0.0,0.0,0.0,0.0,1.0,0.0,0.03,0.0,0.94,0.0,0.34,0.0,1.0,0.0,0.0
88a,229,unmatched,1.0,1.0,0.0,0.0,0.0,0.0,0.0,0.0,0.0,0.0,0.0,0.0,0.0,0.0,1.0,1.0,0.04,0.83,0.0,1.0,1.0,0.0,1.0,0.0,0.0,1.0,0.0,0.95,0.95,0.0,0.0,0.0,0.0,0.0,0.0,,0.01,1.0,0.0,1.0,0.0,0.0,0.92,1.0,0.0,0.0,0.0,0.0,0.19,0.0,0.0,0.0,0.0,0.0
88b,230,unmatched,1.0,1.0,0.0,0.0,0.0,0.0,0.0,0.0,0.0,0.0,0.0,0.0,0.0,0.0,1.0,1.0,0.02,0.53,0.0,1.0,1.0,0.0,1.0,0.0,0.0,1.0,0.0,0.72,0.93,0.0,0.0,0.0,0.0,0.0,0.0,,0.0,1.0,0.0,1.0,0.0,0.0,0.08,1.0,0.0,0.0,0.0,0.0,0.04,0.0,0.0,0.0,0.0,0.0
169a,231,unmatched,0.0,0.0,1.0,1.0,0.0,0.0,0.0,0.0,0.0,0.0,0.0,0.0,0.0,0.0,1.0,1.0,0.01,1.0,0.0,1.0,1.0,0.0,1.0,0.0,0.0,1.0,0.0,1.0,1.0,0.0,0.0,0.0,0.0,0.0,0.0,,0.0,1.0,0.0,0.0,0.0,0.0,0.0,1.0,0.0,0.64,0.0,0.09,0.0,0.03,0.0,0.0,0.0,0.0
169b,232,unmatched,0.0,0.0,1.0,1.0,0.0,0.0,0.0,0.0,0.0,0.0,0.0,0.0,0.0,0.0,1.0,1.0,0.0,1.0,0.0,1.0,1.0,0.0,1.0,0.0,0.0,1.0,0.0,1.0,1.0,0.0,0.93,0.0,0.0,0.0,0.0,,0.0,1.0,0.0,0.0,0.0,0.0,0.01,1.0,0.0,0.0,0.0,0.39,0.15,0.99,0.08,0.0,0.0,0.0
T4-5a/b,234,class,0.95,1.0,0.0,0.0,0.0,0.0,0.0,0.0,0.0,0.0,0.0,0.0,0.0,0.0,1.0,1.0,0.03,0.0,0.0,1.0,1.0,0.0,1.0,0.0,0.0,1.0,0.0,0.0,0.58,0.0,0.0,0.0,0.0,0.0,0.0,,0.06,1.0,0.0,0.0,0.0,0.0,0.0,1.0,0.0,0.0,0.0,0.0,0.1,0.0,0.0,1.0,0.0,0.0
T4-5c/d,235,class,0.99,1.0,0.0,0.0,0.0,0.0,0.0,0.0,0.0,0.0,0.0,0.0,0.0,0.0,1.0,1.0,0.04,0.0,0.0,1.0,1.0,0.0,1.0,0.0,0.0,1.0,0.0,0.0,0.99,0.0,0.0,0.0,0.0,0.0,0.0,,0.06,1.0,0.0,0.0,0.0,0.0,0.0,1.0,0.0,0.0,0.0,0.0,0.05,0.0,0.0,1.0,0.0,0.0
