# Davis et al. 2020 eLife 9:e50901, GEO GSE116969 (Davis FP, Nern A, Picard S, Reiser MB, Rubin GM, Eddy SR, Henry GL; CC-BY 4.0). One row per Davis cell type (source_name as in GSE116969_dataTable4 / 7b column headers and supp. file 1A 'celltype'). <gene>_tpm = TPM, cell-type mean over QC-pass samples (GSE116969_dataTable4.genes_x_cells_TPM.coding_genes_QCpass; TAPIN-seq / INTACT nuclear RNA, ENSEMBL r91 / FlyBase 2017_04 gene models); for qc = suboptimal_only the mean of that driver's QC-fail samples in dataTable3 (use with caution). <gene>_p_on = probability the gene is in the 'on' component of Davis's per-gene bimodal mixture model (dataTable7b); NaN if the gene was not modeled (< 10 TPM in every sample) or the cell has no QC-pass sample. 54 panel genes; symbols follow the task list; source symbols differ for KaiR1D (= CG3822, FBgn0038837; round 1 wrongly used CG8916 = FBgn0030707 / Lcch-14A) and Octalpha2R (= CG18208, FBgn0038653). davis_nt_call: the transmitter class whose marker pair (ChAT+VAChT, Gad1+VGAT, VGlut, Hdc, ple+DAT, Tdc2+Tbh, Trh+SerT) has the largest pair-minimum TPM, if >= 10 TPM ('none' otherwise); davis_nt_secondary: further classes with pair-minimum >= 50 TPM; davis_nt_scores_top3 lists the values. This is a data summary, not a sign decision. Built by scripts/build_davis2020_tables.py.
source_name,qc,n_samples_pass,n_samples_suboptimal,ChAT_tpm,VAChT_tpm,Gad1_tpm,VGAT_tpm,VGlut_tpm,Hdc_tpm,ple_tpm,DAT_tpm,Tdc2_tpm,Tbh_tpm,Trh_tpm,SerT_tpm,nAChRalpha1_tpm,nAChRalpha2_tpm,nAChRalpha3_tpm,nAChRalpha4_tpm,nAChRalpha5_tpm,nAChRalpha6_tpm,nAChRalpha7_tpm,nAChRbeta1_tpm,nAChRbeta2_tpm,nAChRbeta3_tpm,Rdl_tpm,Lcch3_tpm,Grd_tpm,GluClalpha_tpm,KaiR1D_tpm,GluRIA_tpm,GluRIB_tpm,Nmdar1_tpm,Nmdar2_tpm,HisCl1_tpm,ort_tpm,mAChR-A_tpm,mAChR-B_tpm,mAChR-C_tpm,GABA-B-R1_tpm,GABA-B-R2_tpm,GABA-B-R3_tpm,mGluR_tpm,Dop1R1_tpm,Dop1R2_tpm,Dop2R_tpm,DopEcR_tpm,Oamb_tpm,Octbeta1R_tpm,Octbeta2R_tpm,Octbeta3R_tpm,Octalpha2R_tpm,5-HT1A_tpm,5-HT1B_tpm,5-HT2A_tpm,5-HT2B_tpm,5-HT7_tpm,ChAT_p_on,VAChT_p_on,Gad1_p_on,VGAT_p_on,VGlut_p_on,Hdc_p_on,ple_p_on,DAT_p_on,Tdc2_p_on,Tbh_p_on,Trh_p_on,SerT_p_on,nAChRalpha1_p_on,nAChRalpha2_p_on,nAChRalpha3_p_on,nAChRalpha4_p_on,nAChRalpha5_p_on,nAChRalpha6_p_on,nAChRalpha7_p_on,nAChRbeta1_p_on,nAChRbeta2_p_on,nAChRbeta3_p_on,Rdl_p_on,Lcch3_p_on,Grd_p_on,GluClalpha_p_on,KaiR1D_p_on,GluRIA_p_on,GluRIB_p_on,Nmdar1_p_on,Nmdar2_p_on,HisCl1_p_on,ort_p_on,mAChR-A_p_on,mAChR-B_p_on,mAChR-C_p_on,GABA-B-R1_p_on,GABA-B-R2_p_on,GABA-B-R3_p_on,mGluR_p_on,Dop1R1_p_on,Dop1R2_p_on,Dop2R_p_on,DopEcR_p_on,Oamb_p_on,Octbeta1R_p_on,Octbeta2R_p_on,Octbeta3R_p_on,Octalpha2R_p_on,5-HT1A_p_on,5-HT1B_p_on,5-HT2A_p_on,5-HT2B_p_on,5-HT7_p_on,davis_nt_call,davis_nt_secondary,davis_nt_scores_top3
C2,pass,2,0,6.24,12.6,1507.03,436.97,4.5,2.56,7.67,3.68,7.26,6.03,37.96,1.47,169.73,46.69,50.33,183.22,550.71,57.16,1002.38,428.12,100.32,2.83,1022.86,130.33,3.29,1630.31,48.55,33.31,122.0,23.13,234.92,8.21,11.69,166.93,5.11,7.18,76.69,45.24,134.62,13.41,3.74,9.47,137.97,1244.27,24.83,427.93,266.31,14.42,289.11,96.2,31.52,16.63,15.09,186.67,0.0,0.0,1.0,1.0,0.0,0.0,0.0,0.0,0.98,0.0,0.0,0.0,1.0,1.0,0.95,1.0,1.0,0.0,1.0,0.77,1.0,1.0,1.0,1.0,0.0,1.0,1.0,1.0,1.0,0.88,1.0,0.0,0.0,1.0,0.0,1.0,1.0,1.0,0.99,0.0,1.0,0.0,0.99,1.0,0.64,1.0,1.0,0.22,1.0,1.0,0.99,0.06,0.09,1.0,gaba,,gaba=437;acetylcholine=6;octopamine=6
C2.C3,pass,2,0,3.57,7.44,1754.18,451.77,8.19,1.54,3.29,0.75,7.65,10.07,11.51,0.53,93.31,48.55,132.09,274.39,469.36,18.68,770.45,618.59,130.6,0.0,874.19,181.8,4.21,612.45,65.62,120.26,151.86,12.86,142.95,22.95,33.02,96.26,2.57,6.65,203.64,76.91,91.7,26.57,2.81,4.73,59.36,2133.45,20.97,1737.19,273.33,31.09,126.88,69.99,29.54,54.0,6.92,110.32,0.0,0.0,1.0,1.0,0.0,0.0,0.0,0.0,0.98,0.0,0.0,0.0,0.99,1.0,1.0,1.0,1.0,0.0,1.0,0.98,1.0,0.0,1.0,1.0,0.0,1.0,1.0,1.0,1.0,0.27,1.0,0.0,0.47,1.0,0.0,1.0,1.0,1.0,0.94,0.0,1.0,0.0,0.51,1.0,0.42,1.0,1.0,0.99,0.99,1.0,0.99,0.98,0.0,1.0,gaba,,gaba=452;glutamate=8;octopamine=8
C3,pass,2,0,2.76,6.46,2146.28,559.58,4.03,0.89,1.03,0.55,6.26,10.69,1.74,0.42,32.0,34.69,227.86,318.11,740.18,9.0,773.0,1024.83,159.45,0.0,984.2,203.28,0.6,703.07,66.37,136.69,130.98,7.21,133.58,29.29,11.3,172.63,0.94,8.8,258.24,103.97,13.67,43.01,1.2,5.14,74.9,2530.37,31.53,2352.44,300.53,45.7,33.5,10.39,25.09,87.87,2.25,99.55,0.0,0.0,1.0,1.0,0.0,0.0,0.0,0.0,0.95,0.01,0.0,0.0,0.0,1.0,1.0,1.0,1.0,0.0,1.0,1.0,1.0,0.0,1.0,1.0,0.0,1.0,1.0,1.0,1.0,0.02,1.0,0.0,0.0,1.0,0.0,1.0,1.0,1.0,0.01,0.0,1.0,0.0,0.81,1.0,0.85,1.0,1.0,1.0,0.01,0.0,0.98,1.0,0.0,1.0,gaba,,gaba=560;octopamine=6;glutamate=4
ChAT,pass,2,0,156.41,988.27,95.3,287.39,56.68,3.4,6.18,8.94,8.8,38.35,1.78,2.03,418.94,71.66,201.89,578.32,1664.84,3570.18,1859.5,5292.6,169.94,0.0,4124.07,79.98,31.24,2503.5,40.42,34.75,76.36,60.52,467.76,18.39,23.63,276.29,58.63,6.09,370.17,57.12,313.13,266.02,362.84,60.28,225.79,6637.7,90.6,262.7,499.64,118.49,200.65,120.99,92.05,63.33,49.69,86.67,1.0,1.0,0.0,1.0,0.0,0.0,0.0,0.0,0.97,0.82,0.0,0.0,1.0,1.0,1.0,1.0,1.0,1.0,1.0,1.0,1.0,0.0,1.0,1.0,0.92,1.0,1.0,1.0,1.0,1.0,1.0,0.0,0.03,1.0,1.0,1.0,1.0,1.0,1.0,1.0,1.0,1.0,1.0,1.0,1.0,1.0,1.0,1.0,1.0,1.0,1.0,0.99,0.99,1.0,acetylcholine,gaba+glutamate,acetylcholine=156;gaba=95;glutamate=57
Crz,pass,2,0,17.48,39.4,45.82,243.36,13.53,3.49,11.16,3.49,5.52,6.55,8.55,0.59,25.13,14.16,21.64,399.15,1781.61,183.6,13912.54,2135.86,163.07,0.0,11117.77,201.38,0.65,169.98,30.25,8.41,18.24,68.62,253.24,4.15,383.22,49.19,4.18,3.65,407.49,118.26,11.06,44.33,21.0,8.82,18.61,389.67,7.37,13.11,8524.71,6.59,15.91,1025.59,544.94,8.26,4.16,6.61,0.0,0.0,0.0,1.0,0.0,0.0,0.0,0.0,0.93,0.0,0.0,0.0,0.0,0.92,0.0,1.0,1.0,0.1,1.0,1.0,1.0,0.0,1.0,1.0,0.0,0.06,1.0,0.04,0.22,1.0,1.0,0.0,1.0,0.03,0.0,0.98,1.0,1.0,0.0,0.0,1.0,0.0,0.0,0.0,0.0,0.0,1.0,0.0,0.0,1.0,1.0,0.0,0.0,0.0,gaba,,gaba=46;acetylcholine=17;glutamate=14
Dm1,pass,2,0,32.79,58.77,23.7,168.07,1137.55,4.86,32.74,2.56,10.66,4.29,3.58,3.33,470.65,146.44,49.55,293.07,1493.25,4568.66,2900.17,1812.45,100.42,0.0,2245.79,93.86,1.86,1886.27,51.75,41.35,33.77,6.27,397.75,226.17,2.93,348.35,3.63,17.71,79.52,60.01,36.58,48.33,11.25,2.4,783.23,5405.79,17.63,496.5,407.5,46.45,43.46,85.22,105.19,693.02,3.05,214.42,0.48,0.0,0.0,1.0,1.0,0.0,0.04,0.0,1.0,0.0,0.0,0.0,1.0,1.0,0.94,1.0,1.0,1.0,1.0,1.0,1.0,0.0,1.0,1.0,0.0,1.0,1.0,1.0,0.99,0.01,1.0,1.0,0.0,1.0,0.0,1.0,1.0,1.0,0.23,0.0,1.0,0.0,1.0,1.0,0.24,1.0,1.0,1.0,0.04,1.0,1.0,1.0,0.0,1.0,glutamate,,glutamate=1138;acetylcholine=33;gaba=24
Dm10,pass,2,0,1.51,4.05,2041.31,344.79,4.72,0.69,2.46,0.08,7.53,7.04,3.01,0.34,52.78,23.78,187.7,265.19,2167.13,2755.26,938.98,1334.41,106.27,0.0,2948.51,164.5,58.36,953.31,75.34,98.87,121.14,37.06,825.25,35.06,10.65,320.59,9.07,2.75,82.55,72.79,51.37,8.18,5.84,99.73,16.15,3198.45,1.61,5.33,196.99,35.55,300.96,345.95,572.8,97.84,4.17,178.16,0.0,0.0,1.0,1.0,0.0,0.0,0.0,0.0,0.98,0.0,0.0,0.0,0.23,1.0,1.0,1.0,1.0,1.0,1.0,1.0,1.0,0.0,1.0,1.0,1.0,1.0,1.0,1.0,1.0,0.99,1.0,0.0,0.0,1.0,0.0,0.84,1.0,1.0,0.58,0.0,1.0,1.0,0.0,1.0,0.0,0.0,1.0,1.0,1.0,1.0,1.0,1.0,0.0,1.0,gaba,,gaba=345;octopamine=7;glutamate=5
Dm11,pass,2,0,24.2,39.1,13.75,187.04,1346.02,1.22,14.41,0.87,8.22,109.5,2.53,1.06,168.51,117.06,227.34,482.24,501.45,606.68,613.01,2893.48,124.1,0.0,329.82,153.29,300.36,487.07,88.05,4.21,5.55,73.31,288.01,22.0,210.25,409.79,10.4,7.48,161.21,100.33,69.06,18.86,12.89,7.67,27.32,3144.63,23.51,30.16,224.96,22.05,84.25,8.34,11.79,44.9,3.31,8.07,0.01,0.0,0.0,1.0,1.0,0.0,0.0,0.0,0.99,1.0,0.0,0.0,1.0,1.0,1.0,1.0,1.0,1.0,1.0,1.0,1.0,0.0,0.81,1.0,1.0,1.0,1.0,0.0,0.0,1.0,1.0,0.0,1.0,1.0,0.0,1.0,1.0,1.0,0.83,0.0,1.0,0.0,0.01,1.0,0.57,0.01,1.0,0.88,0.85,0.0,0.72,0.95,0.0,0.0,glutamate,,glutamate=1346;acetylcholine=24;gaba=14
Dm12,pass,3,1,14.67,38.52,18.37,244.19,1181.66,7.49,21.81,3.21,5.36,9.38,2.88,4.2,32.97,24.19,208.16,521.06,774.05,993.17,1526.4,2693.35,89.78,2.5,4018.06,132.6,7.9,1208.24,50.2,69.0,95.42,30.34,299.69,22.41,1.54,306.84,8.11,3.91,742.98,70.71,64.18,38.66,203.51,211.97,513.74,2664.09,268.62,25.4,67.96,17.22,811.48,173.86,85.32,126.55,7.24,329.0,0.0,0.0,0.0,1.0,1.0,0.0,0.0,0.0,0.42,0.0,0.0,0.0,0.0,1.0,1.0,1.0,1.0,1.0,1.0,1.0,1.0,0.0,1.0,1.0,0.0,1.0,1.0,1.0,1.0,0.99,1.0,0.0,0.0,1.0,0.0,0.79,1.0,1.0,0.85,0.0,1.0,1.0,1.0,1.0,1.0,0.0,0.03,0.02,1.0,1.0,1.0,1.0,0.0,1.0,glutamate,,glutamate=1182;gaba=18;acetylcholine=15
Dm3,pass,2,0,1.13,10.5,7.02,137.39,1270.09,1.22,10.25,1.16,5.83,5.09,7.17,1.05,1854.22,142.41,147.1,294.49,1437.95,420.45,665.3,1136.15,160.98,0.0,2474.36,86.38,0.91,1652.84,50.46,44.47,78.45,7.58,187.09,20.52,8.91,242.7,137.51,0.68,163.2,13.53,353.14,471.03,6.06,7.48,63.36,12716.24,6.72,219.79,381.96,117.87,757.1,20.03,46.57,106.5,1.59,5.33,0.0,0.0,0.0,1.0,1.0,0.0,0.0,0.0,0.89,0.0,0.0,0.0,1.0,1.0,1.0,1.0,1.0,0.96,1.0,1.0,1.0,0.0,1.0,1.0,0.0,1.0,1.0,1.0,1.0,0.03,1.0,0.0,0.0,1.0,1.0,0.0,1.0,0.6,1.0,1.0,1.0,0.0,0.6,1.0,0.0,1.0,1.0,1.0,1.0,0.17,1.0,1.0,0.0,0.0,glutamate,,glutamate=1270;gaba=7;octopamine=5
Dm4,pass,4,0,5.32,25.87,10.45,242.3,4285.1,3.18,3.15,2.6,7.08,6.23,4.49,0.1,41.25,22.7,273.65,746.9,334.94,164.63,775.54,5142.36,166.83,0.24,1964.45,278.45,132.95,1241.32,36.1,0.86,4.56,6.23,402.71,14.27,0.13,187.26,3.37,3.09,38.95,65.96,13.04,33.85,9.62,2.05,11.94,4364.83,53.34,10.99,722.56,322.01,388.91,312.17,45.9,403.41,59.83,9.88,0.0,0.0,0.0,1.0,1.0,0.0,0.0,0.0,0.99,0.0,0.0,0.0,0.0,1.0,1.0,1.0,1.0,0.0,1.0,1.0,1.0,0.0,1.0,1.0,1.0,1.0,1.0,0.0,0.0,0.0,1.0,0.0,0.0,1.0,0.0,0.07,0.0,1.0,0.0,0.0,1.0,0.0,0.0,1.0,1.0,0.0,1.0,1.0,1.0,1.0,1.0,1.0,1.0,0.0,glutamate,,glutamate=4285;gaba=10;octopamine=6
Dm8,pass,2,0,1.98,16.48,6.83,178.25,2189.12,1.09,52.5,0.9,3.82,40.35,2.73,0.06,812.35,90.49,245.29,556.73,1942.44,2548.39,1228.48,2611.14,82.11,0.0,576.82,129.97,164.46,318.93,32.52,2.22,1.09,13.01,218.06,8.42,203.36,399.64,22.92,0.09,161.63,16.79,117.63,16.5,3.31,104.94,42.96,10007.21,16.39,188.65,419.69,41.28,306.1,0.86,2.79,72.41,0.5,95.76,0.0,0.0,0.0,1.0,1.0,0.0,0.57,0.0,0.67,0.86,0.0,0.0,1.0,1.0,1.0,1.0,1.0,1.0,1.0,1.0,1.0,0.0,1.0,1.0,1.0,0.91,1.0,0.0,0.0,0.29,1.0,0.0,1.0,1.0,0.29,0.0,1.0,0.98,0.98,0.0,1.0,1.0,0.12,1.0,0.14,1.0,1.0,1.0,1.0,0.0,0.01,1.0,0.0,1.0,glutamate,,glutamate=2189;gaba=7;octopamine=4
Dm9,pass,2,0,10.64,26.14,35.35,226.04,1059.5,3.07,9.02,0.55,8.24,5.14,3.34,0.96,47.08,45.33,23.43,738.2,357.06,382.27,1979.38,3117.98,126.41,0.0,1147.83,127.65,1.05,184.09,71.36,242.39,293.51,48.13,448.1,10.68,424.53,354.14,6.29,12.86,138.01,118.81,172.14,49.54,768.61,5.63,18.03,1726.99,854.61,798.06,30.13,8.67,21.27,13.09,9.94,65.91,3.37,49.7,0.0,0.0,0.0,1.0,1.0,0.0,0.0,0.0,0.99,0.0,0.0,0.0,0.09,1.0,0.0,1.0,1.0,0.93,1.0,1.0,1.0,0.0,1.0,1.0,0.0,0.11,1.0,1.0,1.0,1.0,1.0,0.0,1.0,1.0,0.0,1.0,1.0,1.0,1.0,0.0,1.0,0.0,0.0,1.0,1.0,1.0,0.0,0.01,0.0,0.01,0.58,1.0,0.0,0.99,glutamate,,glutamate=1060;gaba=35;acetylcholine=11
Gad1,pass,2,0,28.97,76.04,1287.85,412.6,15.77,0.77,5.11,2.73,13.23,90.62,4.27,0.58,250.17,65.31,216.15,497.74,1302.97,1230.18,2560.28,5349.27,187.69,1.62,3150.96,155.57,15.16,1800.25,77.17,59.14,105.85,78.66,431.84,27.99,13.81,355.12,39.97,9.59,239.32,113.83,186.11,548.78,91.31,24.03,115.19,5050.31,45.51,531.98,227.68,60.48,164.8,75.28,73.46,29.39,27.58,89.33,0.12,0.0,1.0,1.0,0.0,0.0,0.0,0.0,1.0,1.0,0.0,0.0,1.0,1.0,1.0,1.0,1.0,1.0,1.0,1.0,1.0,0.0,1.0,1.0,0.01,1.0,1.0,1.0,1.0,1.0,1.0,0.0,0.0,1.0,0.96,1.0,1.0,1.0,1.0,1.0,1.0,0.68,0.98,1.0,0.97,1.0,1.0,1.0,1.0,1.0,1.0,0.62,0.79,1.0,gaba,,gaba=413;acetylcholine=29;glutamate=16
Glia_Eg,pass,6,0,8.82,32.72,16.71,15.04,34.34,22.54,174.73,5.11,7.74,4.32,18.22,20.27,11.69,1.13,8.12,18.87,30.27,43.21,32.8,90.35,3.79,4.81,98.76,10.93,12.02,11684.3,3.26,1.03,1.96,1.37,65.14,34.69,1.91,21.63,2.8,10.57,10.98,3.79,10.98,14.62,43.49,2.59,10.63,432.12,48.41,15.72,93.07,2.72,47.91,4.13,3.42,7.32,1.83,293.87,0.0,0.0,0.0,0.0,0.0,0.0,1.0,0.0,1.0,0.0,0.0,1.0,0.0,0.0,0.0,0.0,0.0,0.0,0.0,0.0,0.0,1.0,0.0,0.0,0.0,1.0,0.0,0.0,0.0,0.0,0.06,0.0,0.0,0.0,0.0,1.0,0.0,0.0,0.0,0.0,1.0,0.0,0.0,0.0,1.0,0.0,0.97,0.0,0.0,0.0,0.0,0.0,0.0,1.0,glutamate,,glutamate=34;histamine=23;serotonin=18
Glia_Mg,pass,2,0,4.21,29.07,13.71,13.06,28.83,5.45,23.88,1.53,3.88,1.5,0.61,33.76,10.6,1.12,10.0,10.42,22.8,26.63,17.83,57.84,7.09,2.0,43.43,6.41,3.68,5893.12,3.39,0.76,0.98,1.79,22.07,13.88,0.77,8.94,1.0,8.22,7.45,1.37,3.45,9.71,134.39,1.52,10.11,92.52,233.63,9.67,17.29,2.48,13.76,1.81,1.38,5.7,1.19,91.93,0.0,0.0,0.0,0.0,0.0,0.0,0.0,0.0,0.7,0.0,0.0,1.0,0.0,0.0,0.0,0.0,0.0,0.0,0.0,0.0,0.0,0.0,0.0,0.0,0.0,1.0,0.0,0.0,0.0,0.0,0.0,0.0,0.0,0.0,0.0,1.0,0.0,0.0,0.0,0.0,1.0,0.0,0.0,0.0,1.0,0.0,0.0,0.0,0.0,0.0,0.0,0.0,0.0,1.0,glutamate,,glutamate=29;gaba=13;histamine=5
Glia_Psg,pass,4,0,5.58,33.72,8.71,15.14,24.75,2.39,494.67,16.33,3.41,3.44,0.77,48.04,9.52,0.73,7.08,8.79,21.9,26.62,26.66,61.82,2.9,16.08,52.4,13.16,6.48,2669.25,1.06,0.28,1.62,0.63,37.51,17.82,1.14,9.19,1.52,6.41,8.28,0.73,8.51,13.03,141.72,4.33,7.55,186.06,17.79,7.89,275.95,1.9,148.22,3.54,0.7,7.76,1.0,253.48,0.0,0.0,0.0,0.0,0.0,0.0,1.0,0.0,0.08,0.0,0.0,1.0,0.0,0.0,0.0,0.0,0.0,0.0,0.0,0.0,0.0,1.0,0.0,0.0,0.0,1.0,0.0,0.0,0.0,0.0,0.0,0.0,0.0,0.0,0.0,1.0,0.0,0.0,0.0,0.0,1.0,0.0,0.0,0.0,0.0,0.0,1.0,0.0,1.0,0.0,0.0,0.0,0.0,1.0,glutamate,,glutamate=25;dopamine=16;gaba=9
KC_ab_c,pass,2,0,84.13,671.54,13.81,177.3,8.38,0.11,0.51,0.87,4.87,1.66,1.04,0.41,580.61,31.94,7.5,355.01,3256.65,3671.78,736.66,3378.96,89.99,0.0,8513.83,61.48,0.34,1573.94,38.89,53.31,131.77,8.14,247.12,10.3,0.0,739.41,199.66,1.43,339.09,11.85,2.75,24.89,311.41,197.48,391.96,6665.16,135.76,224.34,15.63,54.42,26.65,278.33,38.31,21.39,1.46,4.88,1.0,1.0,0.0,1.0,0.0,0.0,0.0,0.0,0.83,0.0,0.0,0.0,1.0,1.0,0.0,1.0,1.0,1.0,1.0,1.0,1.0,0.0,1.0,1.0,0.0,1.0,1.0,1.0,1.0,0.04,1.0,0.0,0.0,1.0,1.0,0.01,1.0,0.63,0.0,0.0,1.0,1.0,1.0,1.0,1.0,1.0,0.0,1.0,0.0,1.0,1.0,0.21,0.0,0.0,acetylcholine,,acetylcholine=84;gaba=14;glutamate=8
KC_ab_c.p.s,pass,2,0,90.82,730.65,2.69,164.18,5.62,0.45,1.0,1.06,5.04,1.92,0.32,0.41,531.09,23.93,4.97,313.81,2968.78,3975.23,1185.85,2650.22,77.22,0.0,7940.69,59.2,0.14,1016.75,33.17,46.33,119.99,7.78,171.9,7.92,0.05,1178.13,151.42,0.32,280.78,15.72,1.38,10.74,316.72,173.84,361.46,7265.79,122.64,206.86,8.95,67.09,40.07,302.29,49.33,17.3,1.81,1.67,1.0,1.0,0.0,1.0,0.0,0.0,0.0,0.0,0.89,0.0,0.0,0.0,1.0,1.0,0.0,1.0,1.0,1.0,1.0,1.0,1.0,0.0,1.0,1.0,0.0,1.0,1.0,1.0,1.0,0.03,1.0,0.0,0.0,1.0,1.0,0.0,1.0,0.96,0.0,0.0,1.0,1.0,1.0,1.0,1.0,1.0,0.0,1.0,0.02,1.0,1.0,0.06,0.0,0.0,acetylcholine,,acetylcholine=91;glutamate=6;gaba=3
KC_ab_p,pass,2,0,117.57,493.7,101.08,142.12,34.16,2.02,0.48,2.2,12.85,5.11,1.54,0.52,295.6,91.9,33.97,345.07,1422.03,1773.58,1017.9,3182.2,115.51,0.0,5703.29,111.52,0.25,569.12,84.78,51.16,109.0,32.73,173.3,26.48,0.0,738.84,237.22,2.74,296.53,63.37,33.28,73.98,1017.98,282.43,634.4,3460.01,213.73,369.48,33.75,121.9,127.19,785.43,253.29,14.55,17.68,12.95,1.0,1.0,0.01,1.0,0.0,0.0,0.0,0.0,1.0,0.0,0.0,0.0,1.0,1.0,0.14,1.0,1.0,1.0,1.0,1.0,1.0,0.0,1.0,1.0,0.0,1.0,1.0,1.0,1.0,0.98,1.0,0.0,0.0,1.0,1.0,0.8,1.0,1.0,0.16,0.0,1.0,1.0,1.0,1.0,1.0,1.0,0.01,1.0,0.99,1.0,1.0,0.03,0.2,0.0,acetylcholine,gaba,acetylcholine=118;gaba=101;glutamate=34
KC_ab_s,pass,2,0,80.31,1035.26,6.85,177.38,7.75,0.28,0.58,0.89,6.12,1.89,0.0,0.0,664.25,37.79,6.39,340.7,3534.05,3444.96,1069.92,4268.01,104.03,0.0,9473.91,57.06,0.08,1125.25,28.31,42.38,124.43,20.9,159.17,16.96,0.0,705.56,224.47,1.53,315.77,15.56,1.8,14.7,339.71,203.28,322.0,9180.43,166.71,354.92,11.35,79.59,100.69,350.29,36.36,9.04,2.12,1.21,1.0,1.0,0.0,1.0,0.0,0.0,0.0,0.0,0.49,0.0,0.0,0.0,1.0,1.0,0.0,1.0,1.0,1.0,1.0,1.0,1.0,0.0,1.0,1.0,0.0,1.0,1.0,1.0,1.0,0.81,1.0,0.0,0.0,1.0,1.0,0.02,1.0,0.94,0.0,0.0,1.0,1.0,1.0,1.0,1.0,1.0,0.0,1.0,0.96,1.0,0.99,0.0,0.0,0.0,acetylcholine,,acetylcholine=80;glutamate=8;gaba=7
KC_gd,pass,4,0,117.35,638.87,34.32,238.94,50.43,7.82,5.72,4.91,9.63,10.14,0.62,1.33,512.04,110.8,52.88,410.43,2653.7,3107.34,1634.92,4047.38,112.33,0.0,4943.4,63.36,2.0,1150.9,60.93,73.47,104.65,35.9,304.19,28.44,2.21,404.87,57.85,7.76,257.73,35.79,47.49,620.79,939.94,317.14,649.9,8567.72,102.69,206.84,234.01,46.16,230.94,82.86,183.46,15.44,8.77,31.67,1.0,1.0,0.0,1.0,0.0,0.0,0.0,0.0,1.0,0.0,0.0,0.0,1.0,1.0,0.04,1.0,1.0,1.0,1.0,1.0,1.0,0.0,1.0,1.0,0.0,1.0,1.0,1.0,1.0,0.99,1.0,0.0,0.0,1.0,1.0,1.0,1.0,1.0,0.0,1.0,1.0,1.0,1.0,1.0,1.0,1.0,1.0,1.0,1.0,1.0,1.0,0.0,0.0,0.0,acetylcholine,glutamate,acetylcholine=117;glutamate=50;gaba=34
Kdm2,pass,2,0,89.86,161.29,214.63,155.81,100.22,12.53,94.78,166.78,35.11,31.46,56.48,25.52,192.08,131.18,174.81,376.45,1368.05,2041.26,1732.71,5921.01,342.7,0.73,4720.57,121.05,15.17,1686.35,67.56,49.89,64.14,215.62,482.65,18.01,22.65,273.95,119.83,2.78,107.68,95.69,203.04,245.83,284.59,56.54,229.78,2115.43,86.28,202.5,260.78,51.15,123.36,124.02,66.0,153.02,38.82,87.71,1.0,0.95,0.98,1.0,0.0,0.0,0.98,1.0,1.0,0.62,0.0,1.0,1.0,1.0,1.0,1.0,1.0,1.0,1.0,1.0,1.0,0.0,1.0,1.0,0.0,1.0,1.0,1.0,1.0,1.0,1.0,0.0,0.01,1.0,1.0,0.39,1.0,1.0,1.0,1.0,1.0,1.0,1.0,1.0,1.0,1.0,1.0,1.0,0.99,1.0,1.0,1.0,0.97,1.0,gaba,glutamate+dopamine+acetylcholine,gaba=156;glutamate=100;dopamine=95
L1,pass,4,0,5.38,17.4,7.85,304.58,2304.63,3.95,12.96,1.28,10.29,5.26,26.03,1.0,135.22,37.66,7.78,920.6,8.61,8.2,280.75,1056.28,219.88,0.26,23.87,222.1,375.27,52.38,45.62,1.91,2.32,3.86,131.98,37.1,647.02,510.96,1.86,8.27,67.83,88.0,12.89,16.93,3.0,2.96,6.3,2179.65,1.2,5.9,1069.4,362.64,5.76,2.04,10.18,15.76,6.54,5.79,0.0,0.0,0.0,1.0,1.0,0.0,0.0,0.0,1.0,0.0,0.0,0.0,1.0,1.0,0.0,1.0,0.0,0.0,1.0,1.0,1.0,0.0,0.0,1.0,1.0,0.0,1.0,0.0,0.0,0.0,1.0,0.0,1.0,1.0,0.0,1.0,1.0,1.0,0.0,0.0,1.0,0.0,0.0,1.0,0.0,0.0,1.0,1.0,0.0,0.0,0.29,0.0,0.0,0.0,glutamate,,glutamate=2305;gaba=8;acetylcholine=5
L1.L2,pass,4,0,241.17,868.38,6.72,285.55,929.59,1.82,7.71,0.41,7.39,3.21,11.86,1.29,150.69,48.59,130.16,742.8,5.93,56.04,364.94,622.45,233.12,0.18,19.19,203.57,365.32,1091.67,52.59,1.5,4.73,4.01,123.15,37.51,427.71,254.9,1.53,8.15,51.24,84.21,210.5,16.89,2.83,2.26,5.84,1839.13,3.34,5.34,614.25,358.1,11.02,0.81,10.72,6.21,213.97,5.64,1.0,1.0,0.0,1.0,1.0,0.0,0.0,0.0,1.0,0.0,0.0,0.0,1.0,1.0,1.0,1.0,0.0,0.0,1.0,1.0,1.0,0.0,0.0,1.0,1.0,1.0,1.0,0.0,0.0,0.0,1.0,0.0,1.0,1.0,0.0,1.0,0.85,1.0,1.0,0.0,1.0,0.0,0.0,1.0,0.0,0.0,1.0,1.0,0.0,0.0,0.36,0.0,1.0,0.0,glutamate,acetylcholine,glutamate=930;acetylcholine=241;gaba=7
L2,pass,2,0,413.81,1296.67,2.74,216.74,6.63,0.94,2.63,0.69,6.49,2.91,1.57,0.38,207.06,57.86,186.11,604.69,3.34,73.97,422.04,430.86,196.94,0.13,11.86,180.28,469.16,1576.55,47.1,1.25,9.13,2.54,102.05,54.29,411.82,4.23,0.84,6.47,45.44,84.41,253.25,17.54,8.55,1.32,14.07,1422.18,1.48,1.09,326.36,339.99,35.51,0.39,9.78,1.38,300.44,2.1,1.0,1.0,0.0,1.0,0.0,0.0,0.0,0.0,0.96,0.0,0.0,0.0,1.0,1.0,1.0,1.0,0.0,0.0,1.0,0.78,1.0,0.0,0.0,1.0,1.0,1.0,1.0,0.0,0.0,0.0,1.0,0.04,1.0,0.0,0.0,1.0,0.61,1.0,1.0,0.0,1.0,0.0,0.0,1.0,0.0,0.0,1.0,1.0,0.01,0.0,0.56,0.0,1.0,0.0,acetylcholine,,acetylcholine=414;glutamate=7;octopamine=3
L3,pass,2,0,225.23,590.2,2.82,218.41,8.42,0.76,8.05,1.38,3.52,1.38,1.76,0.29,90.36,30.96,166.69,446.29,14.85,9.37,413.16,486.68,64.44,0.08,315.2,96.78,108.64,577.54,76.37,276.6,63.13,13.42,646.87,30.6,513.83,440.26,1.47,2.24,151.79,96.79,11.46,6.44,15.32,0.59,97.37,97.75,25.69,0.76,887.02,7.39,86.54,32.3,52.66,61.26,382.37,3.4,1.0,1.0,0.0,1.0,0.0,0.0,0.0,0.0,0.56,0.0,0.0,0.0,0.98,1.0,1.0,1.0,0.0,0.0,1.0,0.9,1.0,0.0,0.74,1.0,1.0,1.0,1.0,1.0,1.0,0.31,1.0,0.0,1.0,1.0,0.0,0.47,1.0,1.0,0.0,0.0,1.0,0.0,0.96,0.0,0.68,0.0,1.0,0.0,0.88,0.79,1.0,0.99,1.0,0.0,acetylcholine,,acetylcholine=225;glutamate=8;gaba=3
L4,pass,2,0,144.45,456.72,9.66,147.67,2.88,1.76,24.09,1.55,3.51,3.79,10.75,1.0,109.84,24.45,14.46,154.25,8.6,767.1,220.96,130.06,80.77,5.96,547.88,130.59,22.23,247.67,81.89,38.18,68.69,3.39,341.04,23.49,14.85,180.94,17.3,3.27,80.79,48.73,98.2,12.82,1.61,3.14,107.55,2130.68,5.82,31.51,402.79,204.43,241.89,5.4,29.07,11.89,14.95,214.82,1.0,1.0,0.0,1.0,0.0,0.0,0.0,0.0,0.58,0.0,0.0,0.0,1.0,1.0,0.0,1.0,0.0,1.0,0.99,0.0,1.0,1.0,1.0,1.0,0.28,0.58,1.0,1.0,1.0,0.0,1.0,0.0,0.0,1.0,0.05,0.95,1.0,1.0,0.95,0.0,1.0,0.0,0.98,1.0,0.0,0.01,1.0,1.0,1.0,0.0,0.99,0.01,0.08,1.0,acetylcholine,,acetylcholine=144;gaba=10;octopamine=4
L5,pass,2,0,663.58,1538.34,9.92,281.52,6.16,1.22,7.77,1.23,6.32,4.29,6.5,0.46,27.93,31.86,600.5,462.94,11.35,1150.52,312.73,1079.17,162.03,0.88,727.71,137.12,2.0,547.35,74.58,76.07,117.46,9.74,184.5,29.31,3.14,457.64,2.17,4.85,140.21,105.92,294.97,17.08,3.22,5.31,21.5,2316.27,177.97,1188.96,268.97,522.65,638.3,1.37,4.68,2.78,188.38,197.9,1.0,1.0,0.0,1.0,0.0,0.0,0.0,0.0,0.96,0.0,0.0,0.0,0.0,1.0,1.0,1.0,0.0,1.0,1.0,1.0,1.0,0.0,1.0,1.0,0.0,1.0,1.0,1.0,1.0,0.09,1.0,0.0,0.0,1.0,0.0,1.0,1.0,1.0,1.0,0.0,1.0,0.0,0.0,1.0,1.0,1.0,1.0,1.0,1.0,0.0,0.09,0.0,1.0,1.0,acetylcholine,,acetylcholine=664;gaba=10;glutamate=6
Lai,pass,2,0,10.57,37.84,13.99,218.61,895.84,5.56,6.9,1.49,15.17,17.38,5.23,1.92,191.38,84.78,543.45,1203.0,135.66,1225.12,7118.89,4746.51,182.02,0.0,3076.35,184.54,1.05,408.12,2507.41,486.9,550.24,79.83,103.4,47.5,211.87,181.22,1.98,11.62,913.18,119.37,9.4,823.3,9.56,2.48,16.55,1161.05,7.63,637.11,122.23,4.54,23.18,6.51,4.1,17.76,2.9,3.91,0.0,0.0,0.0,1.0,1.0,0.0,0.0,0.0,1.0,0.07,0.0,0.0,1.0,1.0,1.0,1.0,0.42,1.0,1.0,1.0,1.0,0.0,1.0,1.0,0.0,0.99,1.0,1.0,1.0,1.0,1.0,0.01,1.0,1.0,0.0,1.0,1.0,1.0,0.0,1.0,1.0,0.0,0.0,1.0,0.01,1.0,0.99,0.0,0.0,0.0,0.06,0.07,0.0,0.0,glutamate,,glutamate=896;octopamine=15;gaba=14
lamina,pass,4,0,179.58,551.18,28.94,86.83,969.17,3.17,9.99,4.74,1.87,6.94,2.03,10.21,33.91,13.13,84.31,232.66,42.32,124.55,84.86,553.5,81.65,6.93,222.5,80.96,78.9,1041.97,35.05,10.48,14.46,5.75,113.17,4.41,119.49,113.13,6.03,2.64,52.09,28.59,90.72,18.83,61.29,2.78,20.46,831.01,16.44,123.2,191.38,76.62,92.61,17.5,13.96,27.07,49.7,9.2,,,,,,,,,,,,,,,,,,,,,,,,,,,,,,,,,,,,,,,,,,,,,,,,,,,,,,,glutamate,acetylcholine,glutamate=969;acetylcholine=180;gaba=29
Lawf1,pass,4,0,158.04,442.75,8.42,195.88,9.4,2.89,160.79,3.45,12.2,51.51,24.14,154.58,804.69,311.54,274.48,461.38,777.83,26.61,755.73,2562.59,126.97,3.12,3038.11,100.96,2.61,1845.76,74.26,2.8,7.11,94.66,432.32,24.02,2.46,987.17,5.93,6.64,168.67,74.13,200.2,522.42,38.87,62.71,91.26,4240.91,537.37,16.27,42.46,56.55,121.65,3.18,12.69,5.39,3.6,78.87,1.0,1.0,0.0,1.0,0.0,0.0,0.06,0.0,1.0,0.94,0.0,1.0,1.0,1.0,1.0,1.0,1.0,0.0,1.0,1.0,1.0,0.0,1.0,1.0,0.0,1.0,1.0,0.0,0.0,1.0,1.0,0.0,0.0,1.0,0.0,1.0,1.0,1.0,1.0,1.0,1.0,1.0,0.24,1.0,1.0,0.0,0.0,1.0,1.0,0.0,0.4,0.0,0.0,1.0,acetylcholine,,acetylcholine=158;serotonin=24;octopamine=12
Lawf2,pass,2,0,175.22,352.4,5.44,161.3,10.8,6.53,12.64,1.79,8.94,7.53,4.22,1.3,235.02,92.96,123.71,408.22,507.06,454.5,481.47,1426.76,113.56,0.28,673.32,118.48,1.38,681.97,98.67,6.02,10.64,57.79,257.86,34.34,7.86,440.1,4.14,8.87,120.72,63.09,142.96,18.18,24.98,1.53,17.7,2839.5,217.04,29.13,542.13,47.15,93.33,33.49,54.94,8.41,1.01,1.98,1.0,1.0,0.0,1.0,0.0,0.0,0.0,0.0,0.99,0.0,0.0,0.0,1.0,1.0,1.0,1.0,1.0,0.98,1.0,1.0,1.0,0.0,1.0,1.0,0.0,1.0,1.0,0.01,0.0,1.0,1.0,0.0,0.0,1.0,0.0,1.0,1.0,1.0,0.99,0.0,1.0,0.0,0.0,1.0,1.0,0.01,1.0,1.0,0.92,0.82,1.0,0.0,0.0,0.0,acetylcholine,,acetylcholine=175;glutamate=11;octopamine=8
LC10a,pass,2,0,194.21,922.75,5.92,178.19,6.83,0.93,3.01,3.53,13.88,58.92,8.85,1.03,446.84,139.29,370.96,499.02,1284.72,765.61,1123.13,6727.65,267.62,0.0,4796.16,119.61,2.17,3580.5,77.57,8.53,21.35,102.04,499.62,15.77,0.0,691.87,13.88,11.27,326.01,157.47,1505.79,366.02,117.03,64.19,179.62,3243.86,29.02,6.52,334.41,474.15,125.38,159.13,107.02,4.74,3.48,34.01,1.0,1.0,0.0,1.0,0.0,0.0,0.0,0.0,1.0,0.98,0.0,0.0,1.0,1.0,1.0,1.0,1.0,1.0,1.0,1.0,1.0,0.0,1.0,1.0,0.0,1.0,1.0,0.05,0.6,1.0,1.0,0.0,0.0,1.0,0.01,1.0,1.0,1.0,1.0,1.0,1.0,1.0,1.0,1.0,0.79,0.0,1.0,1.0,0.99,1.0,1.0,0.0,0.0,0.87,acetylcholine,,acetylcholine=194;octopamine=14;glutamate=7
LC10b,pass,2,0,167.24,645.41,12.02,191.52,19.06,1.11,7.05,2.46,20.75,17.0,1.77,1.17,739.89,149.5,146.6,512.02,1274.14,1207.2,1171.53,8180.02,191.58,0.0,5548.92,67.83,1.08,2966.01,80.52,133.87,140.86,99.3,544.51,4.31,0.15,246.78,35.37,9.21,254.08,106.78,575.59,507.15,122.4,78.64,799.95,2808.74,113.75,22.68,974.36,194.72,19.04,143.8,139.77,10.29,32.43,14.25,1.0,1.0,0.0,1.0,0.0,0.0,0.0,0.0,1.0,0.06,0.0,0.0,1.0,1.0,1.0,1.0,1.0,1.0,1.0,1.0,1.0,0.0,1.0,1.0,0.0,1.0,1.0,1.0,1.0,1.0,1.0,0.0,0.0,1.0,0.9,1.0,1.0,1.0,1.0,1.0,1.0,1.0,1.0,1.0,1.0,0.0,1.0,1.0,0.0,1.0,1.0,0.0,0.9,0.01,acetylcholine,,acetylcholine=167;glutamate=19;octopamine=17
LC16,pass,4,0,138.63,580.7,7.71,169.78,8.84,0.67,4.52,0.34,7.1,9.58,1.38,0.1,307.69,93.5,215.49,346.63,1297.08,717.19,1514.25,2550.03,144.52,0.2,2041.86,114.0,0.52,4401.36,69.34,30.75,76.89,48.49,425.71,15.54,0.7,524.48,30.82,1.86,184.95,68.32,22.05,546.03,130.22,108.85,364.45,4495.94,39.72,25.97,162.06,88.32,378.16,452.03,198.94,2.02,18.5,40.34,1.0,1.0,0.0,1.0,0.0,0.0,0.0,0.0,0.99,0.0,0.0,0.0,1.0,1.0,1.0,1.0,1.0,1.0,1.0,1.0,1.0,0.0,1.0,1.0,0.0,1.0,1.0,1.0,1.0,1.0,1.0,0.0,0.0,1.0,0.94,0.01,1.0,1.0,0.0,1.0,1.0,1.0,1.0,1.0,0.99,0.0,1.0,1.0,1.0,1.0,1.0,0.0,0.19,0.99,acetylcholine,,acetylcholine=139;glutamate=9;gaba=8
LC4,pass,2,0,150.89,919.76,2.98,174.87,14.3,1.07,1.97,5.06,9.71,5.41,1.52,1.06,428.26,56.33,149.36,160.87,19922.56,2004.92,6655.03,11611.55,540.26,0.0,19515.58,52.68,1.13,3237.35,66.12,8.43,62.87,47.3,926.05,2.38,0.1,186.56,114.38,5.03,750.0,48.5,7.06,129.39,8.78,5.2,4.59,8423.05,263.61,5.47,254.39,32.5,77.26,3.23,23.17,2.05,0.62,6.34,1.0,1.0,0.0,1.0,0.0,0.0,0.0,0.0,1.0,0.0,0.0,0.0,1.0,1.0,1.0,1.0,1.0,1.0,1.0,1.0,1.0,0.0,1.0,1.0,0.0,1.0,1.0,0.04,1.0,1.0,1.0,0.0,0.0,1.0,1.0,0.99,1.0,1.0,0.0,0.79,1.0,0.0,0.0,1.0,1.0,0.0,1.0,0.99,0.75,0.0,0.97,0.0,0.0,0.0,acetylcholine,,acetylcholine=151;glutamate=14;octopamine=5
LC6,pass,4,0,150.52,1091.02,25.79,220.45,16.33,1.69,3.34,0.81,7.95,13.81,1.69,0.46,948.97,87.33,297.02,556.64,2055.43,2265.69,1325.86,5645.14,195.83,0.0,3870.34,96.46,0.54,4082.65,54.79,59.6,166.35,45.67,536.86,9.19,0.35,350.1,24.89,2.07,244.19,50.44,52.05,578.21,67.89,13.35,136.65,5976.16,78.34,14.81,382.58,107.32,800.43,262.6,68.9,22.81,16.31,156.54,1.0,1.0,0.0,1.0,0.0,0.0,0.0,0.0,0.99,0.0,0.0,0.0,1.0,1.0,1.0,1.0,1.0,1.0,1.0,1.0,1.0,0.0,1.0,1.0,0.0,1.0,1.0,1.0,1.0,1.0,1.0,0.0,0.0,1.0,0.09,0.0,1.0,1.0,0.0,1.0,1.0,0.0,1.0,1.0,1.0,0.0,1.0,1.0,1.0,1.0,1.0,0.0,0.03,1.0,acetylcholine,,acetylcholine=151;gaba=26;glutamate=16
LLPC1,pass,2,0,213.09,823.08,9.33,191.2,7.82,1.44,4.97,1.31,15.35,101.95,0.98,0.95,624.82,171.59,219.72,489.02,1305.75,2131.89,1331.12,5577.25,258.58,0.0,2945.39,122.87,2.76,2753.04,108.31,59.37,78.34,106.88,397.3,16.81,13.23,243.8,34.94,8.23,345.77,119.09,54.9,103.64,142.21,29.53,279.05,3776.81,64.26,19.57,328.03,179.91,97.77,25.28,59.07,9.15,8.25,7.57,1.0,1.0,0.0,1.0,0.0,0.0,0.0,0.0,1.0,1.0,0.0,0.0,1.0,1.0,1.0,1.0,1.0,1.0,1.0,1.0,1.0,0.0,1.0,1.0,0.0,1.0,1.0,1.0,1.0,1.0,1.0,0.0,0.0,1.0,0.89,1.0,1.0,1.0,0.66,0.16,1.0,0.92,1.0,1.0,1.0,0.0,1.0,1.0,0.95,0.39,1.0,0.0,0.0,0.0,acetylcholine,,acetylcholine=213;octopamine=15;gaba=9
LPC1,pass,4,0,167.93,1030.68,19.55,187.6,19.03,0.98,13.91,1.01,7.82,8.38,1.86,0.17,503.46,123.37,162.25,452.79,1244.41,1627.66,1338.38,2978.25,184.6,0.0,3548.61,95.11,0.27,1260.72,66.25,6.46,7.0,42.92,367.93,17.9,0.25,430.88,90.55,3.68,228.7,60.87,108.34,51.13,43.98,25.32,293.25,7653.81,65.5,43.54,334.5,98.04,285.14,13.67,26.54,3.65,3.33,38.71,1.0,1.0,0.0,1.0,0.0,0.0,0.0,0.0,1.0,0.0,0.0,0.0,1.0,1.0,1.0,1.0,1.0,1.0,1.0,1.0,1.0,0.0,1.0,1.0,0.0,1.0,1.0,0.0,0.0,1.0,1.0,0.0,0.0,1.0,1.0,0.9,1.0,1.0,1.0,0.0,1.0,0.78,1.0,1.0,1.0,0.01,1.0,1.0,1.0,0.0,1.0,0.0,0.0,1.0,acetylcholine,,acetylcholine=168;gaba=20;glutamate=19
LPi-34,pass,2,0,21.92,87.29,14.26,298.67,1805.72,1.06,3.13,1.24,24.83,13.92,0.7,0.95,356.29,81.09,991.7,954.4,2045.91,1933.71,5389.87,10663.42,211.94,0.0,9566.67,163.57,8.01,3235.01,68.51,3.37,6.42,61.41,400.75,18.69,0.28,183.37,8.03,6.59,416.21,41.22,12.65,1040.46,590.39,9.19,68.61,8124.85,7.0,80.28,266.24,117.66,335.17,8.02,36.93,261.02,10.36,4.88,0.0,0.0,0.0,1.0,1.0,0.0,0.0,0.0,1.0,0.02,0.0,0.0,1.0,1.0,1.0,1.0,1.0,1.0,1.0,1.0,1.0,0.0,1.0,1.0,0.0,1.0,1.0,0.0,0.0,1.0,1.0,0.0,0.0,1.0,0.0,1.0,1.0,1.0,0.0,1.0,1.0,0.0,0.7,1.0,0.0,0.75,1.0,1.0,1.0,0.0,1.0,1.0,0.01,0.0,glutamate,,glutamate=1806;acetylcholine=22;gaba=14
LPLC1,pass,2,0,200.85,982.46,16.84,160.48,24.87,5.45,17.52,5.52,14.61,92.17,2.12,0.93,591.57,284.41,161.25,173.6,1682.55,2112.24,1450.79,6330.17,166.72,2.57,3606.06,68.01,4.25,5136.26,73.64,7.52,45.91,84.12,715.94,22.33,0.58,429.87,46.92,7.96,280.04,128.52,37.36,58.31,124.74,12.8,61.38,5133.8,77.71,31.56,373.34,83.21,52.3,554.85,331.18,10.81,20.4,21.16,1.0,1.0,0.0,1.0,0.0,0.0,0.0,0.0,1.0,1.0,0.0,0.0,1.0,1.0,1.0,1.0,1.0,1.0,1.0,1.0,1.0,0.0,1.0,1.0,0.0,1.0,1.0,0.01,1.0,1.0,1.0,0.0,0.0,1.0,0.99,1.0,1.0,1.0,0.26,0.0,1.0,0.01,0.55,1.0,1.0,0.01,1.0,1.0,0.14,1.0,1.0,0.0,0.3,0.08,acetylcholine,,acetylcholine=201;glutamate=25;gaba=17
LPLC2,pass,2,0,266.35,1052.17,6.91,245.72,11.16,2.78,8.03,5.78,18.56,45.33,3.2,0.87,575.88,232.38,569.77,475.91,1779.78,1428.99,1696.25,10840.29,227.82,1.68,3219.32,142.95,2.35,3791.28,111.61,66.53,169.5,92.9,556.71,11.31,2.4,355.89,103.54,18.2,247.46,187.28,7.41,401.86,174.78,194.4,20.02,3393.75,92.59,4.03,258.75,108.63,355.71,4.46,13.89,2.56,235.15,23.48,1.0,1.0,0.0,1.0,0.0,0.0,0.0,0.0,1.0,0.92,0.0,0.0,1.0,1.0,1.0,1.0,1.0,1.0,1.0,1.0,1.0,0.0,1.0,1.0,0.0,1.0,1.0,1.0,1.0,1.0,1.0,0.0,0.0,1.0,1.0,1.0,1.0,1.0,0.0,1.0,1.0,1.0,0.0,1.0,1.0,0.0,1.0,1.0,1.0,0.0,0.82,0.0,1.0,0.24,acetylcholine,,acetylcholine=266;octopamine=19;glutamate=11
Mi1,pass,2,0,331.23,967.62,8.74,236.06,8.2,2.2,1.98,1.43,7.2,6.11,11.03,0.83,73.23,11.33,96.5,508.39,374.18,1724.89,70.04,847.2,125.51,0.17,1265.42,90.24,0.45,1235.04,45.9,160.47,104.4,5.09,540.12,31.59,0.77,476.51,1.29,5.93,355.83,87.92,206.45,631.12,3.24,30.37,14.17,1576.42,69.79,269.78,186.73,363.21,14.44,18.03,40.93,182.78,89.41,414.08,1.0,1.0,0.0,1.0,0.0,0.0,0.0,0.0,0.98,0.0,0.0,0.0,0.87,0.71,1.0,1.0,1.0,1.0,0.0,1.0,1.0,0.0,1.0,1.0,0.0,1.0,1.0,1.0,1.0,0.0,1.0,0.0,0.0,1.0,0.0,1.0,1.0,1.0,1.0,1.0,1.0,0.93,0.0,1.0,1.0,1.0,1.0,1.0,0.0,0.1,1.0,1.0,1.0,1.0,acetylcholine,,acetylcholine=331;gaba=9;glutamate=8
Mi15,pass,4,0,235.4,614.35,3.14,125.86,5.8,0.61,683.3,195.29,7.2,9.47,14.03,0.65,221.48,77.24,109.51,231.83,1231.05,516.49,413.83,1226.5,121.58,0.0,2328.75,275.98,136.57,1149.05,70.66,73.23,133.71,29.21,264.62,13.1,1.62,382.3,25.08,7.13,288.09,63.63,502.24,754.57,6.89,6.84,57.94,4322.24,95.82,2.63,86.27,79.54,287.14,4.68,17.52,40.69,47.21,55.32,1.0,1.0,0.0,1.0,0.0,0.0,1.0,1.0,0.99,0.0,0.0,0.0,1.0,1.0,1.0,1.0,1.0,1.0,1.0,1.0,1.0,0.0,1.0,1.0,1.0,1.0,1.0,1.0,1.0,1.0,1.0,0.0,0.0,1.0,0.44,1.0,1.0,1.0,1.0,1.0,1.0,0.0,0.37,1.0,1.0,0.0,0.93,1.0,1.0,0.0,0.95,0.99,1.0,1.0,acetylcholine,dopamine,acetylcholine=235;dopamine=195;octopamine=7
Mi4,pass,2,0,9.98,31.08,2164.56,353.73,27.82,5.14,28.12,3.53,11.01,65.71,17.01,2.74,204.5,81.89,298.58,401.85,1441.53,1064.42,212.29,1662.38,128.79,1.65,1430.98,164.72,36.26,820.68,76.16,73.94,267.32,30.35,300.9,35.01,6.27,246.01,182.17,6.67,29.26,109.59,349.41,97.59,14.21,3.21,44.41,1831.34,239.55,11.37,352.65,69.49,14.74,41.03,129.61,47.8,18.82,214.52,0.0,0.0,1.0,1.0,0.0,0.0,0.01,0.0,1.0,0.99,0.0,0.0,1.0,1.0,1.0,1.0,1.0,1.0,0.98,1.0,1.0,0.01,1.0,1.0,0.98,1.0,1.0,1.0,1.0,0.97,1.0,0.0,0.0,1.0,1.0,1.0,0.01,1.0,1.0,0.07,1.0,0.0,0.15,1.0,1.0,0.0,1.0,1.0,0.0,0.94,1.0,0.97,0.27,1.0,gaba,,gaba=354;glutamate=28;octopamine=11
Mi9,pass,4,0,2.19,16.46,276.1,251.32,1773.07,1.09,28.08,2.37,11.97,21.05,9.5,0.21,699.98,95.29,152.93,598.95,591.67,394.85,999.08,4499.95,131.17,0.0,5582.5,97.18,8.43,1729.33,63.78,7.52,29.92,39.56,772.14,10.44,4.97,215.56,126.7,3.36,363.04,50.13,168.94,14.65,27.43,0.56,411.99,5057.1,343.02,3.44,737.75,35.1,203.24,55.13,116.81,95.83,116.26,390.44,0.0,0.0,1.0,1.0,1.0,0.0,0.0,0.0,1.0,0.08,0.0,0.0,1.0,1.0,1.0,1.0,1.0,0.97,1.0,1.0,1.0,0.0,1.0,1.0,0.0,1.0,1.0,0.0,0.93,1.0,1.0,0.0,0.0,1.0,1.0,0.17,1.0,1.0,1.0,0.0,1.0,0.0,1.0,1.0,1.0,0.0,1.0,1.0,1.0,1.0,1.0,1.0,1.0,1.0,glutamate,gaba,glutamate=1773;gaba=251;octopamine=12
Muscles_App,pass,2,0,6.61,21.51,4.93,16.13,4.54,2.43,167.45,0.61,5.81,5.02,0.3,6.39,1.66,0.27,0.88,10.91,5.87,14.35,10.63,9.74,2.01,0.08,40.61,2.39,5.11,121.49,1.13,1.58,0.17,0.71,25.17,10.31,0.07,5.17,0.74,7.89,6.04,0.7,4.62,9.67,3.26,1.12,8.34,94.35,14.92,7.18,128.05,1.25,28.28,0.85,0.75,5.23,0.57,6.65,0.0,0.0,0.0,0.0,0.0,0.0,1.0,0.0,0.91,0.0,0.0,0.03,0.0,0.0,0.0,0.0,0.0,0.0,0.0,0.0,0.0,0.0,0.0,0.0,0.0,0.0,0.0,0.0,0.0,0.0,0.0,0.0,0.0,0.0,0.0,0.98,0.0,0.0,0.0,0.0,1.0,0.0,0.0,0.0,0.12,0.0,0.99,0.0,0.0,0.0,0.0,0.0,0.0,0.0,none,,acetylcholine=7;octopamine=5;gaba=5
Muscles_Head,pass,2,2,14.28,70.66,97.65,75.56,72.3,10.9,38.99,7.98,10.38,24.95,1.63,5.18,83.75,17.18,25.06,71.62,282.86,286.68,197.09,454.51,23.98,3.98,588.33,16.31,2.68,452.73,13.39,9.89,18.09,12.34,137.72,15.04,0.52,65.29,6.48,9.68,43.2,15.93,36.86,43.1,53.83,4.75,51.3,674.65,100.02,36.84,272.96,11.42,108.58,27.64,10.1,535.43,5.98,19.29,0.0,0.0,0.01,1.0,0.0,0.0,0.09,0.0,1.0,0.33,0.0,0.0,0.91,0.98,0.0,0.83,1.0,0.64,0.97,0.84,0.47,0.38,1.0,0.0,0.0,0.99,0.69,0.13,0.2,0.24,1.0,0.0,0.0,0.52,0.0,1.0,0.47,0.94,0.25,0.0,1.0,0.0,0.27,0.27,1.0,0.03,1.0,0.04,0.97,0.51,0.55,1.0,0.0,0.07,gaba,glutamate,gaba=76;glutamate=72;acetylcholine=14
NPF,pass,2,2,203.63,357.45,103.83,214.58,34.19,3.65,55.37,9.05,16.79,33.92,5.57,7.26,297.4,343.01,156.7,395.58,1621.64,2669.91,1729.96,6397.18,571.77,0.0,4441.73,126.89,1.22,1121.8,94.49,63.83,67.77,87.65,381.59,28.34,6.15,304.37,13.7,8.29,121.22,131.37,98.11,197.67,456.29,57.88,274.94,1015.99,10.96,59.47,283.64,29.96,87.81,67.21,40.74,70.1,160.77,144.07,1.0,1.0,0.01,1.0,0.0,0.0,0.63,0.0,1.0,0.71,0.0,0.0,1.0,1.0,1.0,1.0,1.0,1.0,1.0,1.0,1.0,0.0,1.0,1.0,0.0,1.0,1.0,1.0,1.0,1.0,1.0,0.0,0.0,1.0,0.01,0.99,1.0,1.0,0.96,1.0,1.0,1.0,1.0,0.98,0.03,0.33,1.0,0.98,0.87,1.0,1.0,1.0,1.0,1.0,acetylcholine,gaba,acetylcholine=204;gaba=104;glutamate=34
opticlobe,pass,4,0,176.63,516.23,479.5,179.05,709.83,1.42,18.52,19.67,5.85,59.8,5.68,3.33,179.04,82.32,108.55,261.9,454.06,582.46,626.85,2130.93,160.65,1.9,1048.62,169.41,13.35,927.39,72.8,37.19,68.91,31.33,201.32,12.26,60.53,138.53,76.28,4.16,190.34,83.59,107.91,157.91,72.25,18.12,163.19,1024.52,65.17,168.9,338.63,53.54,134.55,101.68,57.24,56.95,20.29,35.7,,,,,,,,,,,,,,,,,,,,,,,,,,,,,,,,,,,,,,,,,,,,,,,,,,,,,,,glutamate,gaba+acetylcholine,glutamate=710;gaba=179;acetylcholine=177
PAM_1,pass,2,0,7.37,101.87,25.97,211.49,74.9,14.83,422.81,2280.12,5.6,28.0,5.66,1.37,751.49,118.2,199.16,546.68,1390.17,1298.72,162.52,3233.17,139.79,0.02,5076.73,153.49,0.74,2645.9,62.43,0.18,2.39,57.46,768.65,4.26,2.13,186.13,16.94,4.74,256.29,74.47,345.8,22.42,360.42,4.08,719.43,1751.2,422.17,169.86,53.91,61.13,1027.81,206.97,154.29,120.62,15.54,180.54,0.0,0.03,0.0,1.0,0.0,0.0,1.0,1.0,0.85,0.39,0.0,0.0,1.0,1.0,1.0,1.0,1.0,1.0,0.86,1.0,1.0,0.0,1.0,1.0,0.0,1.0,1.0,0.0,0.0,1.0,1.0,0.0,0.0,1.0,0.03,1.0,1.0,1.0,1.0,0.0,1.0,0.0,1.0,1.0,1.0,1.0,0.21,1.0,1.0,1.0,1.0,1.0,0.1,1.0,dopamine,glutamate,dopamine=423;glutamate=75;gaba=26
PAM_3,pass,2,0,13.53,97.74,31.18,207.2,61.69,8.09,520.23,1946.42,3.85,346.51,0.59,0.0,886.17,150.6,28.5,514.73,2013.03,3565.93,905.58,5012.99,170.31,0.3,3589.46,73.02,0.93,2257.05,61.34,8.97,18.17,70.94,938.23,2.04,0.45,312.9,3.99,0.0,242.0,33.31,29.77,16.43,1163.41,7.21,652.35,381.57,11.81,68.5,141.92,150.28,751.27,183.67,194.51,33.55,81.0,8.91,0.0,0.02,0.0,1.0,0.0,0.0,1.0,1.0,0.42,1.0,0.0,0.0,1.0,1.0,0.02,1.0,1.0,1.0,1.0,1.0,1.0,0.0,1.0,1.0,0.0,1.0,1.0,0.01,0.21,1.0,1.0,0.0,0.0,1.0,0.0,0.0,1.0,1.0,0.12,0.0,1.0,0.0,1.0,0.0,0.03,0.53,1.0,1.0,1.0,1.0,1.0,0.78,1.0,0.0,dopamine,glutamate,dopamine=520;glutamate=62;gaba=31
PAM_4,pass,2,0,9.48,76.47,17.02,60.0,41.97,6.53,1833.91,745.93,1.89,10.3,2.07,1.32,193.02,14.96,86.82,186.58,264.59,1403.42,221.63,1370.12,43.97,0.0,1423.16,33.01,5.26,570.58,12.84,1.15,1.1,8.73,244.1,4.84,2.95,78.93,2.23,5.31,53.97,4.9,104.14,10.33,98.37,1.61,118.58,147.9,98.32,10.52,46.64,2.12,25.24,3.44,11.27,52.93,3.45,90.83,0.0,0.0,0.0,1.0,0.0,0.0,1.0,1.0,0.04,0.01,0.0,0.0,1.0,0.89,1.0,1.0,1.0,1.0,0.99,1.0,1.0,0.0,1.0,0.44,0.0,1.0,0.89,0.0,0.0,0.05,1.0,0.0,0.0,0.92,0.0,0.66,0.88,0.0,0.96,0.0,1.0,0.0,0.99,0.0,1.0,0.0,0.06,0.0,0.0,0.0,0.68,0.98,0.0,1.0,dopamine,,dopamine=746;glutamate=42;gaba=17
PB_1,pass,2,0,3.08,20.81,6.04,307.55,4113.33,2.09,1.89,0.58,4.37,2.62,0.33,0.94,14.84,16.07,231.36,554.84,3070.16,458.02,2091.9,5337.77,115.43,0.0,2929.26,149.74,0.04,2255.35,50.74,35.56,31.63,52.25,206.62,25.26,1.03,490.07,158.17,4.64,297.12,38.68,2.53,25.06,10.69,0.62,4.07,176.93,6.47,144.82,245.89,287.74,7.63,12.87,8.0,5.08,29.09,195.09,0.0,0.0,0.0,1.0,1.0,0.0,0.0,0.0,0.78,0.0,0.0,0.0,0.0,0.97,1.0,1.0,1.0,0.98,1.0,1.0,1.0,0.0,1.0,1.0,0.0,1.0,1.0,1.0,0.99,1.0,1.0,0.0,0.0,1.0,1.0,0.98,1.0,1.0,0.0,0.0,1.0,0.0,0.0,0.0,0.0,0.99,1.0,1.0,0.0,0.01,0.37,0.0,0.84,1.0,glutamate,,glutamate=4113;gaba=6;acetylcholine=3
PB_2,pass,2,0,190.23,876.79,12.93,270.17,29.89,2.32,4.23,0.27,11.46,17.58,0.0,1.28,185.72,8.99,135.62,891.02,2429.03,1751.2,889.99,10841.24,224.1,0.0,14889.51,141.89,0.39,10282.57,54.65,0.88,2.39,126.11,784.4,16.14,0.11,95.22,591.05,8.97,294.24,58.34,333.63,17.65,533.83,392.04,24.14,6270.79,1.26,371.01,138.58,3.16,9.74,3.46,84.93,1.41,34.42,66.49,1.0,1.0,0.0,1.0,0.0,0.0,0.0,0.0,1.0,0.08,0.0,0.0,1.0,0.29,1.0,1.0,1.0,1.0,1.0,1.0,1.0,0.0,1.0,1.0,0.0,1.0,1.0,0.0,0.0,1.0,1.0,0.0,0.0,0.99,1.0,1.0,1.0,1.0,1.0,0.0,1.0,1.0,0.0,1.0,0.0,1.0,1.0,0.0,0.0,0.0,1.0,0.0,0.94,1.0,acetylcholine,,acetylcholine=190;glutamate=30;gaba=13
PB_3,pass,2,0,171.58,1369.45,10.02,239.19,21.32,1.64,5.39,1.35,4.7,14.77,4.23,0.76,280.72,20.12,335.33,866.23,3193.98,5122.62,392.74,9256.84,306.64,0.0,7956.24,54.85,0.91,4517.25,34.32,41.18,56.67,13.9,557.77,8.25,5.66,335.42,9.65,1.41,442.54,24.5,115.83,795.61,27.05,18.77,34.97,6033.51,71.25,547.96,486.71,108.69,53.53,145.69,79.43,102.93,26.63,138.83,1.0,1.0,0.0,1.0,0.0,0.0,0.0,0.0,0.84,0.03,0.0,0.0,1.0,0.99,1.0,1.0,1.0,1.0,1.0,1.0,1.0,0.0,1.0,1.0,0.0,1.0,1.0,1.0,1.0,0.35,1.0,0.0,0.0,1.0,0.0,0.02,1.0,1.0,0.98,1.0,1.0,0.21,0.03,1.0,1.0,1.0,1.0,1.0,0.16,1.0,1.0,1.0,0.73,1.0,acetylcholine,,acetylcholine=172;glutamate=21;gaba=10
PB_4,pass,4,0,207.44,993.8,11.9,262.03,66.24,12.91,1.12,10.11,10.81,39.6,0.04,0.48,221.19,23.13,74.63,561.13,1967.9,6632.25,966.54,4378.3,138.34,0.14,4081.7,76.84,47.17,2259.46,44.12,51.83,118.16,29.44,311.39,4.26,1.38,249.92,363.97,0.33,297.86,17.0,219.64,843.17,703.68,66.44,75.88,5249.2,55.19,66.6,247.01,84.94,89.25,149.7,25.18,13.11,39.17,118.45,1.0,1.0,0.0,1.0,0.0,0.0,0.0,0.0,1.0,0.98,0.0,0.0,1.0,1.0,1.0,1.0,1.0,1.0,1.0,1.0,1.0,0.0,1.0,1.0,0.0,1.0,1.0,1.0,1.0,0.98,1.0,0.0,0.0,1.0,1.0,0.0,1.0,1.0,1.0,1.0,1.0,1.0,0.95,1.0,1.0,0.66,1.0,1.0,0.92,1.0,1.0,0.0,1.0,1.0,acetylcholine,glutamate,acetylcholine=207;glutamate=66;histamine=13
PB_5,pass,2,0,144.59,931.98,7.43,292.26,41.81,7.41,1.49,88.34,13.3,6.44,0.1,0.68,174.3,34.0,189.81,760.37,1457.75,7200.35,600.06,2509.91,139.38,0.0,2833.79,180.55,5.39,1634.51,75.64,174.21,387.51,14.53,191.4,10.13,0.73,267.77,314.3,2.24,232.89,34.66,1167.88,1329.75,1666.77,39.56,109.02,4301.55,586.01,81.88,187.75,292.09,295.47,3.81,1.92,17.71,62.99,43.3,1.0,1.0,0.0,1.0,0.0,0.0,0.0,1.0,1.0,0.0,0.0,0.0,1.0,1.0,1.0,1.0,1.0,1.0,1.0,1.0,1.0,0.0,1.0,1.0,0.0,1.0,1.0,1.0,1.0,0.41,1.0,0.0,0.0,1.0,1.0,0.13,1.0,1.0,1.0,1.0,1.0,0.99,0.98,1.0,1.0,0.77,1.0,1.0,1.0,0.0,0.0,0.08,1.0,0.98,acetylcholine,,acetylcholine=145;glutamate=42;gaba=7
Pm3,pass,2,0,18.95,108.9,1437.27,324.18,54.11,4.98,512.62,1.82,12.15,30.11,1.08,0.25,127.02,30.34,23.66,457.32,3634.5,3776.53,437.06,4051.52,145.8,3.7,4726.62,133.8,0.8,4121.41,31.76,45.4,59.05,97.98,860.16,17.05,1.96,799.69,77.14,4.59,197.7,32.45,78.66,654.79,25.19,15.31,132.28,3540.5,13.09,34.85,367.13,103.05,346.85,19.91,37.95,14.46,3.24,270.72,0.0,0.06,1.0,1.0,0.0,0.0,1.0,0.0,1.0,0.56,0.0,0.0,1.0,1.0,0.0,1.0,1.0,1.0,1.0,1.0,1.0,0.19,1.0,1.0,0.0,1.0,1.0,1.0,1.0,1.0,1.0,0.0,0.0,1.0,1.0,0.98,1.0,1.0,0.89,1.0,1.0,0.06,0.99,1.0,0.06,0.02,1.0,1.0,1.0,0.15,1.0,0.02,0.0,1.0,gaba,glutamate,gaba=324;glutamate=54;acetylcholine=19
Pm4,pass,2,0,4.27,16.79,3512.15,585.88,20.33,2.58,3.0,1.36,5.83,132.49,0.58,1.04,531.74,101.36,177.16,465.0,1961.1,44.48,5042.89,5897.51,180.83,0.0,5394.33,105.85,4.0,2833.07,47.64,18.69,15.46,9.41,466.79,36.04,1.22,119.16,2.29,4.37,194.91,83.91,2544.93,889.91,930.81,234.41,265.48,2395.44,373.56,269.39,582.38,207.83,954.52,117.72,52.95,1.43,4.81,184.79,0.0,0.0,1.0,1.0,0.0,0.0,0.0,0.0,0.94,1.0,0.0,0.0,1.0,1.0,1.0,1.0,1.0,0.0,1.0,1.0,1.0,0.0,1.0,1.0,0.0,1.0,1.0,0.86,0.04,0.06,1.0,0.0,0.0,1.0,0.0,0.74,1.0,1.0,1.0,1.0,1.0,1.0,1.0,1.0,1.0,1.0,1.0,1.0,1.0,1.0,1.0,0.0,0.0,1.0,gaba,,gaba=586;glutamate=20;octopamine=6
R1-6,pass,4,0,15.19,44.59,22.72,14.51,29.16,343.52,101.94,2.59,8.01,10.63,42.8,6.29,30.08,9.57,22.41,167.65,99.64,115.22,112.2,367.91,21.48,0.24,277.59,21.26,2.89,223.66,8.45,6.71,17.11,6.77,35.36,178.42,1.96,50.11,10.72,17.79,26.97,8.5,16.69,23.89,34.13,5.17,27.86,2957.0,15.1,19.97,55.3,17.0,26.28,13.04,10.73,38.81,5.93,35.07,0.0,0.0,0.0,0.0,0.0,1.0,1.0,0.0,0.99,0.0,0.0,0.01,0.0,0.02,0.0,1.0,0.0,0.0,0.0,0.01,0.0,0.0,0.0,0.0,0.0,0.0,0.0,0.0,0.0,0.0,0.0,1.0,0.0,0.0,0.0,1.0,0.0,0.0,0.0,0.0,1.0,0.0,0.0,1.0,0.0,0.0,0.0,0.01,0.0,0.0,0.32,0.54,0.0,0.0,histamine,,histamine=344;glutamate=29;acetylcholine=15
R7,pass,2,0,56.69,113.5,10.54,7.84,29.48,549.85,4.47,2.52,5.96,22.12,14.47,5.99,17.09,4.63,12.73,300.98,66.79,570.6,60.62,198.7,9.61,2.17,198.07,7.72,2.73,120.54,5.67,3.4,6.82,5.69,30.57,254.77,1.56,29.07,10.51,8.17,21.79,11.12,14.05,14.6,42.6,6.73,23.37,2084.91,29.01,7.99,33.48,11.15,32.56,2.19,17.09,16.0,3.04,21.23,1.0,0.13,0.0,0.0,0.0,1.0,0.0,0.0,0.84,0.18,0.0,0.01,0.0,0.0,0.0,1.0,0.0,0.99,0.0,0.01,0.0,0.0,0.02,0.0,0.0,0.0,0.0,0.0,0.0,0.01,0.0,1.0,0.0,0.0,0.0,1.0,0.0,0.4,0.01,0.0,1.0,0.0,0.0,1.0,0.79,0.0,0.01,0.03,0.0,0.0,0.91,0.04,0.0,0.09,histamine,acetylcholine,histamine=550;acetylcholine=57;glutamate=29
R8_Rh5,pass,2,0,134.55,344.71,2.58,1.74,8.19,599.84,5.56,0.88,0.64,9.22,4.55,1.47,3.79,4.39,17.63,265.6,14.32,32.15,17.99,59.08,4.66,0.31,34.93,11.06,0.76,27.94,1.57,0.91,5.58,7.54,5.32,229.68,2.06,16.39,1.89,18.38,6.63,20.29,1.8,8.45,3.16,0.62,7.14,3312.84,15.02,3.73,9.04,5.16,17.89,1.99,35.41,6.82,1.72,4.95,1.0,1.0,0.0,0.0,0.0,1.0,0.0,0.0,0.0,0.0,0.0,0.0,0.0,0.0,0.0,1.0,0.0,0.0,0.0,0.0,0.0,0.0,0.0,0.0,0.0,0.0,0.0,0.0,0.0,0.03,0.0,1.0,0.0,0.0,0.0,1.0,0.0,1.0,0.0,0.0,1.0,0.0,0.0,1.0,0.11,0.0,0.0,0.0,0.0,0.0,0.99,0.0,0.0,0.0,histamine,acetylcholine,histamine=600;acetylcholine=135;glutamate=8
R8_Rh6,pass,2,0,189.94,467.21,1.56,2.27,6.55,569.87,2.13,5.06,3.84,8.5,12.96,1.86,4.37,2.01,20.99,379.52,10.56,118.39,14.56,30.16,3.81,0.0,17.48,14.19,0.47,23.93,0.76,0.41,2.09,3.69,7.98,294.68,0.85,14.56,1.25,9.91,1.77,28.15,1.77,5.52,13.17,0.75,3.6,2721.5,2.44,0.87,10.2,2.09,22.64,1.11,37.05,2.47,1.83,14.3,1.0,1.0,0.0,0.0,0.0,1.0,0.0,0.0,0.69,0.0,0.0,0.0,0.0,0.0,0.0,1.0,0.0,0.01,0.0,0.0,0.0,0.0,0.0,0.0,0.0,0.0,0.0,0.0,0.0,0.0,0.0,1.0,0.0,0.0,0.0,1.0,0.0,1.0,0.0,0.0,1.0,0.0,0.0,1.0,0.0,0.0,0.0,0.0,0.0,0.0,1.0,0.0,0.0,0.01,histamine,acetylcholine,histamine=570;acetylcholine=190;glutamate=7
T1,pass,2,0,3.04,3.63,1.59,172.59,2.48,0.61,1.34,2.39,5.49,5.75,4.51,1.17,27.76,18.86,2.61,269.71,406.64,34.02,1641.01,172.5,56.54,0.0,517.81,168.09,0.48,13.59,94.39,14.79,6.99,14.1,122.37,26.22,217.14,329.97,4.3,3.18,185.43,47.27,23.26,9.41,2.55,0.65,4.15,1025.43,2.96,2.0,1737.44,19.94,3.73,208.37,47.75,4.47,0.47,0.98,0.0,0.0,0.0,1.0,0.0,0.0,0.0,0.0,0.93,0.0,0.0,0.0,0.0,0.99,0.0,1.0,1.0,0.0,1.0,0.0,1.0,0.0,1.0,1.0,0.0,0.0,1.0,0.69,0.0,0.37,1.0,0.0,1.0,1.0,0.0,0.94,1.0,1.0,0.05,0.0,1.0,0.0,0.0,0.99,0.0,0.0,1.0,0.77,0.0,1.0,1.0,0.0,0.0,0.0,none,,octopamine=5;acetylcholine=3;glutamate=2
T4,pass,4,0,166.2,758.74,6.76,201.85,12.25,4.02,3.66,1.31,8.17,39.33,5.44,1.0,333.69,136.67,236.27,350.16,1850.35,93.62,530.17,3040.95,194.05,0.1,2257.47,97.85,8.54,2192.86,78.55,6.33,68.14,18.27,208.9,24.01,2.65,255.74,210.96,4.97,426.22,44.59,29.29,43.25,144.27,0.88,28.44,9000.71,119.4,13.1,527.69,77.96,231.32,31.94,42.58,99.06,2.47,66.46,1.0,1.0,0.0,1.0,0.0,0.0,0.0,0.0,1.0,0.99,0.0,0.0,1.0,1.0,1.0,1.0,1.0,0.0,1.0,1.0,1.0,0.0,1.0,1.0,0.0,1.0,1.0,0.0,1.0,0.77,1.0,0.0,0.0,1.0,1.0,1.0,1.0,1.0,0.02,0.0,1.0,0.0,0.0,1.0,1.0,0.0,1.0,1.0,1.0,0.9,1.0,1.0,0.0,1.0,acetylcholine,,acetylcholine=166;glutamate=12;octopamine=8
T4.T5,pass,8,0,144.44,488.0,9.27,176.77,10.33,2.88,7.03,6.11,5.95,19.0,5.49,0.69,332.36,75.45,169.75,222.01,1630.49,121.72,502.4,1737.74,151.73,0.14,2107.02,108.11,3.28,1286.29,69.08,10.73,69.24,10.64,234.06,18.17,8.09,350.16,205.25,2.65,360.49,31.75,22.88,27.26,138.16,1.32,46.56,9353.36,76.52,10.75,477.6,70.82,247.06,86.04,37.06,81.2,5.99,60.19,1.0,1.0,0.0,1.0,0.0,0.0,0.0,0.0,0.86,0.0,0.0,0.0,1.0,1.0,1.0,1.0,1.0,0.0,1.0,1.0,1.0,0.0,1.0,1.0,0.0,1.0,1.0,0.0,1.0,0.0,1.0,0.0,0.0,1.0,1.0,0.11,1.0,1.0,0.0,0.0,1.0,0.0,0.0,1.0,1.0,0.0,1.0,1.0,1.0,1.0,1.0,1.0,0.0,1.0,acetylcholine,,acetylcholine=144;glutamate=10;gaba=9
T5,pass,4,0,136.78,734.98,21.07,209.16,46.74,8.21,4.25,3.51,9.58,25.04,8.86,1.4,426.65,90.33,160.79,385.93,3099.97,170.15,534.76,4401.9,228.62,0.85,2403.49,137.07,1.19,2781.89,84.51,24.69,114.21,16.58,263.71,18.29,17.53,225.02,243.32,6.68,414.58,65.55,26.4,58.35,267.48,3.29,27.24,6680.46,182.75,21.36,887.2,100.76,320.73,208.06,71.58,172.2,5.9,18.44,1.0,1.0,0.0,1.0,0.0,0.0,0.0,0.0,0.99,0.44,0.0,0.0,1.0,1.0,1.0,1.0,1.0,0.0,1.0,1.0,1.0,0.0,1.0,1.0,0.0,1.0,1.0,1.0,1.0,0.32,1.0,0.0,0.0,1.0,1.0,1.0,1.0,1.0,0.0,0.0,1.0,0.0,0.0,1.0,1.0,0.0,1.0,1.0,1.0,1.0,1.0,1.0,0.0,0.0,acetylcholine,,acetylcholine=137;glutamate=47;gaba=21
Tm1,pass,2,2,399.49,1182.49,6.74,204.35,8.44,1.65,1.31,2.66,11.19,4.93,4.89,0.51,187.43,52.47,166.1,398.66,59.66,80.27,1513.86,2437.64,208.6,0.18,4566.27,136.92,4.59,2283.41,70.78,5.68,9.3,28.37,454.76,28.79,4.79,76.33,2.85,8.72,1200.99,115.04,595.94,762.84,30.81,3.32,243.39,2380.0,118.79,437.59,607.48,106.49,498.79,130.2,68.23,18.45,139.49,177.27,1.0,1.0,0.0,1.0,0.0,0.0,0.0,0.0,1.0,0.0,0.0,0.0,1.0,1.0,1.0,1.0,0.0,0.0,1.0,1.0,1.0,0.0,1.0,1.0,0.0,1.0,1.0,0.0,0.0,0.95,1.0,0.0,0.0,0.9,0.0,1.0,1.0,1.0,1.0,1.0,1.0,0.0,1.0,1.0,1.0,1.0,1.0,1.0,1.0,1.0,1.0,0.1,1.0,1.0,acetylcholine,,acetylcholine=399;glutamate=8;gaba=7
Tm2,pass,2,0,183.7,549.5,34.63,192.5,14.74,7.42,19.14,21.55,14.06,21.8,13.51,10.24,241.07,122.62,31.18,428.33,56.27,1085.6,1310.6,1693.09,185.58,0.97,1074.27,114.26,9.88,1622.44,115.11,5.09,7.02,10.05,259.1,24.1,77.52,35.3,30.77,9.11,158.09,61.1,205.97,89.05,40.27,7.2,65.71,1799.94,212.04,25.21,191.47,147.25,319.6,21.95,31.72,51.07,14.44,148.63,1.0,1.0,0.0,1.0,0.0,0.0,0.0,0.0,1.0,0.2,0.0,0.93,1.0,1.0,0.06,1.0,0.0,1.0,1.0,1.0,1.0,0.0,1.0,1.0,0.0,1.0,1.0,0.0,0.0,0.1,1.0,0.0,1.0,0.0,0.76,1.0,1.0,1.0,1.0,0.02,1.0,0.0,0.65,1.0,1.0,0.0,1.0,1.0,1.0,0.26,0.99,0.98,0.07,1.0,acetylcholine,,acetylcholine=184;gaba=35;dopamine=19
Tm20,pass,2,0,132.85,544.3,4.63,167.68,10.35,1.34,88.91,1.69,6.25,22.3,3.54,5.42,226.2,34.95,100.02,461.18,1459.01,159.28,1607.43,1903.77,112.78,0.9,3204.68,123.33,2.61,826.55,57.12,20.95,5.83,23.15,231.62,73.81,329.32,121.11,5.47,6.28,590.04,32.8,10.87,52.28,54.82,17.01,186.91,3497.34,14.68,10.76,1725.52,38.21,432.8,166.7,95.08,618.14,3.28,14.96,1.0,1.0,0.0,1.0,0.0,0.0,0.99,0.0,0.95,0.22,0.0,0.01,1.0,1.0,1.0,1.0,1.0,0.04,1.0,1.0,1.0,0.0,1.0,1.0,0.0,1.0,1.0,0.96,0.0,0.88,1.0,0.35,1.0,1.0,0.0,1.0,1.0,1.0,0.0,0.0,1.0,0.12,1.0,1.0,0.11,0.0,1.0,1.0,1.0,1.0,1.0,1.0,0.0,0.01,acetylcholine,,acetylcholine=133;glutamate=10;octopamine=6
Tm29,pass,2,0,2.44,32.35,12.39,194.7,1130.35,2.83,2.67,0.36,2.34,13.74,1.37,0.29,333.88,37.68,173.97,515.52,2028.85,5881.99,1500.69,3448.57,92.24,0.0,5235.54,108.71,2.89,1683.48,48.78,3.96,2.78,44.57,402.03,8.36,1.7,454.77,12.43,0.0,352.14,17.46,271.29,27.56,179.76,46.7,124.38,5851.55,3.33,55.81,317.74,43.3,243.71,20.13,39.1,31.65,3.44,40.94,0.0,0.0,0.0,1.0,1.0,0.0,0.0,0.0,0.15,0.02,0.0,0.0,1.0,1.0,1.0,1.0,1.0,1.0,1.0,1.0,1.0,0.0,1.0,1.0,0.0,1.0,1.0,0.0,0.0,1.0,1.0,0.0,0.0,1.0,0.0,0.0,1.0,0.99,1.0,0.0,1.0,1.0,0.99,1.0,0.0,0.25,1.0,1.0,1.0,0.17,1.0,0.7,0.0,0.97,glutamate,,glutamate=1130;gaba=12;histamine=3
Tm3,pass,2,0,182.24,640.14,10.0,197.73,9.8,1.86,21.3,2.61,7.86,46.42,85.84,0.76,202.15,75.39,110.94,349.58,90.41,377.71,479.58,691.12,143.73,0.48,1093.7,106.43,5.34,1445.44,58.94,9.69,3.99,19.72,254.67,26.21,1.16,193.31,2.79,5.29,184.86,72.27,186.93,22.93,6.26,13.31,652.84,2301.36,243.61,26.51,236.61,45.19,92.7,4.0,11.49,86.63,109.39,165.71,1.0,1.0,0.0,1.0,0.0,0.0,0.0,0.0,0.99,0.93,0.0,0.0,1.0,1.0,1.0,1.0,0.01,0.92,1.0,0.99,1.0,0.0,1.0,1.0,0.0,1.0,1.0,0.11,0.0,0.77,1.0,0.0,0.0,1.0,0.0,1.0,1.0,1.0,1.0,0.0,1.0,0.02,1.0,1.0,1.0,0.0,1.0,1.0,0.92,0.0,0.69,1.0,1.0,1.0,acetylcholine,,acetylcholine=182;gaba=10;glutamate=10
Tm4,pass,2,0,177.56,634.61,22.15,164.93,35.87,4.14,18.7,3.74,5.43,10.91,4.91,1.27,231.98,134.85,85.93,303.3,105.39,411.68,216.66,713.39,155.68,0.27,1217.69,137.58,5.96,544.8,89.91,13.65,13.89,13.88,199.08,20.61,6.47,53.93,37.26,2.31,332.24,61.75,213.72,322.38,24.15,28.47,301.32,1634.61,108.8,187.26,164.64,57.64,469.12,75.9,48.06,87.96,5.71,191.33,1.0,1.0,0.0,1.0,0.0,0.0,0.0,0.0,0.85,0.01,0.0,0.0,1.0,1.0,1.0,1.0,0.06,0.96,0.99,0.99,1.0,0.0,1.0,1.0,0.0,1.0,1.0,0.53,0.02,0.34,1.0,0.0,0.0,0.04,0.93,0.58,1.0,1.0,1.0,1.0,1.0,0.85,1.0,1.0,1.0,1.0,1.0,1.0,1.0,1.0,1.0,1.0,0.0,1.0,acetylcholine,,acetylcholine=178;glutamate=36;gaba=22
Tm9,pass,2,0,191.78,463.38,5.29,131.98,8.06,2.79,10.99,1.45,5.02,10.82,9.7,0.67,187.58,72.45,47.27,277.18,216.97,85.5,961.56,296.67,109.84,0.41,532.57,144.14,1.81,160.33,107.32,2.51,3.37,13.63,256.15,26.72,21.35,305.37,6.28,4.43,110.85,45.95,17.03,25.58,3.24,4.36,87.95,2325.1,9.05,11.37,688.91,206.61,32.18,43.87,23.02,117.03,31.74,17.3,1.0,1.0,0.0,1.0,0.0,0.0,0.0,0.0,0.89,0.01,0.0,0.0,1.0,1.0,0.9,1.0,0.99,0.0,1.0,0.16,1.0,0.0,1.0,1.0,0.0,0.04,1.0,0.0,0.0,0.33,1.0,0.0,0.02,1.0,0.0,1.0,1.0,1.0,0.01,0.0,1.0,0.0,0.92,1.0,0.01,0.0,1.0,1.0,0.0,0.96,0.97,1.0,0.9,0.03,acetylcholine,,acetylcholine=192;glutamate=8;gaba=5
TmY3,pass,2,0,240.5,942.48,4.38,195.79,9.11,0.38,0.88,3.11,16.73,49.69,0.89,0.28,395.46,124.04,120.98,516.1,2399.19,6242.65,4637.99,6941.81,466.01,0.0,3462.35,92.09,97.38,3222.07,86.72,39.12,91.8,57.24,1073.22,22.61,1.57,196.55,16.66,10.16,177.72,116.91,71.21,11.86,5.16,5.71,102.78,3689.08,309.54,3.05,289.78,3.88,84.63,531.77,143.6,116.13,0.65,110.3,1.0,1.0,0.0,1.0,0.0,0.0,0.0,0.0,1.0,0.95,0.0,0.0,1.0,1.0,1.0,1.0,1.0,1.0,1.0,1.0,1.0,0.0,1.0,1.0,1.0,1.0,1.0,1.0,1.0,1.0,1.0,0.0,0.0,1.0,0.04,1.0,1.0,1.0,0.85,0.0,1.0,0.0,0.97,1.0,1.0,0.0,1.0,0.0,0.86,1.0,1.0,1.0,0.0,1.0,acetylcholine,,acetylcholine=240;octopamine=17;glutamate=9
TmY5a,pass,2,0,1.38,3.06,54.36,197.69,1680.15,2.19,2.41,3.0,9.34,8.08,5.97,0.67,616.42,187.84,112.73,520.21,1087.34,559.09,903.77,4568.33,203.58,0.0,2548.66,129.96,0.7,1995.89,90.44,25.54,46.37,61.17,452.82,20.66,0.2,368.12,20.36,6.1,390.48,91.06,25.16,37.53,415.92,5.44,226.6,5869.22,1.72,15.49,180.19,66.58,593.4,7.49,32.97,82.88,0.36,50.38,0.0,0.0,0.0,1.0,1.0,0.0,0.0,0.0,0.99,0.0,0.0,0.0,1.0,1.0,1.0,1.0,1.0,0.99,1.0,1.0,1.0,0.0,1.0,1.0,0.0,1.0,1.0,0.99,1.0,1.0,1.0,0.0,0.0,1.0,0.15,1.0,1.0,1.0,0.06,0.0,1.0,0.0,1.0,1.0,0.0,0.0,1.0,1.0,1.0,0.0,0.99,1.0,0.0,0.99,glutamate,gaba,glutamate=1680;gaba=54;octopamine=8
VGlut,pass,2,0,34.03,53.72,9.57,271.1,855.47,3.29,14.15,5.89,23.83,40.06,6.34,1.4,407.46,126.09,145.4,584.78,1221.99,1398.98,2429.99,4137.03,151.9,0.0,2847.48,163.79,73.06,1918.82,107.16,59.47,94.02,78.13,399.59,21.1,75.39,412.0,66.15,6.79,273.39,65.8,288.71,377.13,134.83,46.31,237.92,6296.68,75.36,153.32,425.23,130.95,285.42,79.91,83.41,63.47,38.62,112.25,0.46,0.0,0.0,1.0,1.0,0.0,0.0,0.0,1.0,0.84,0.0,0.0,1.0,1.0,1.0,1.0,1.0,1.0,1.0,1.0,1.0,0.0,1.0,1.0,1.0,1.0,1.0,1.0,1.0,1.0,1.0,0.0,1.0,1.0,1.0,1.0,1.0,1.0,1.0,1.0,1.0,1.0,1.0,1.0,1.0,0.99,1.0,1.0,1.0,1.0,1.0,0.99,0.96,1.0,glutamate,,glutamate=855;acetylcholine=34;octopamine=24
CCAP,suboptimal_only,0,2,6.41,330.44,114.175,47.255,82.55,29.105,44.58,0.0,0.08,5.575,0.0,0.0,128.485,0.995,48.77,191.48,736.77,1253.14,850.42,3317.825,7.21,0.0,1774.615,8.06,48.81,780.225,98.03,2.4,173.26,2.405,100.65,0.0,113.16,94.28,277.46,0.0,15.945,17.3,2.47,744.29,9.53,1.76,64.45,1148.98,0.18,18.3,518.375,38.14,201.32,39.59,6.9,37.865,24.44,13.53,,,,,,,,,,,,,,,,,,,,,,,,,,,,,,,,,,,,,,,,,,,,,,,,,,,,,,,glutamate,,glutamate=83;gaba=47;histamine=29
Dsk,suboptimal_only,0,2,168.78,264.965,303.105,142.49,65.595,7.855,69.07,24.595,43.23,52.815,15.825,106.67,266.525,19.83,98.27,215.585,2002.89,2847.07,1103.11,3999.33,219.75,0.0,5545.925,58.565,0.0,1609.035,41.185,41.84,34.1,64.57,960.665,0.43,1.145,556.33,61.95,4.18,42.96,99.685,56.005,291.975,222.55,61.09,107.2,1973.33,13.79,289.145,365.16,152.3,44.24,57.805,24.705,20.31,60.94,66.375,,,,,,,,,,,,,,,,,,,,,,,,,,,,,,,,,,,,,,,,,,,,,,,,,,,,,,,acetylcholine,gaba+glutamate,acetylcholine=169;gaba=142;glutamate=66
Ilp2,suboptimal_only,0,2,88.48,198.8,129.47,97.555,43.895,14.27,283.04,8.315,25.305,50.915,17.77,117.26,201.215,211.25,199.495,278.775,964.165,1078.18,1329.86,2708.495,318.43,0.265,3609.57,46.565,10.715,1432.895,44.145,56.23,83.405,137.08,471.335,24.255,2.11,236.805,20.065,0.67,103.595,65.805,105.79,45.845,99.555,15.425,241.46,912.055,16.695,103.465,122.365,33.96,61.975,112.645,54.805,111.695,42.06,54.875,,,,,,,,,,,,,,,,,,,,,,,,,,,,,,,,,,,,,,,,,,,,,,,,,,,,,,,gaba,acetylcholine,gaba=98;acetylcholine=88;glutamate=44
KC_apbp_ap,suboptimal_only,0,2,158.005,1137.13,5.4,228.84,16.07,2.21,3.625,311.445,3.955,3.49,0.0,0.0,660.88,44.095,3.44,546.975,3882.095,18673.44,1598.81,9269.465,190.935,0.0,8965.615,77.845,0.0,640.24,46.21,91.13,138.73,73.865,313.2,10.985,0.34,134.26,37.36,1.975,306.8,27.925,2.205,573.335,802.635,385.195,435.575,7890.0,24.515,141.155,53.685,26.77,70.15,81.89,199.0,1.175,0.67,5.29,,,,,,,,,,,,,,,,,,,,,,,,,,,,,,,,,,,,,,,,,,,,,,,,,,,,,,,acetylcholine,,acetylcholine=158;glutamate=16;gaba=5
KC_apbp_m,suboptimal_only,0,2,108.985,1286.37,17.97,189.55,16.365,1.295,0.065,138.775,5.7,3.225,0.0,0.0,760.9,76.715,20.8,384.55,4317.26,12610.605,1927.43,9952.705,301.67,0.075,9974.74,23.135,0.185,717.075,20.895,32.585,62.885,46.085,218.115,1.43,0.185,255.935,56.475,0.0,225.795,11.455,4.06,173.21,567.28,189.36,273.07,8610.235,32.62,228.37,24.23,30.675,101.555,55.065,121.66,4.475,2.03,7.81,,,,,,,,,,,,,,,,,,,,,,,,,,,,,,,,,,,,,,,,,,,,,,,,,,,,,,,acetylcholine,,acetylcholine=109;gaba=18;glutamate=16
LC10bc,suboptimal_only,0,2,130.58,1449.455,17.54,235.23,15.49,3.19,4.37,8.97,15.83,13.98,1.155,0.695,1893.28,64.8,212.585,608.52,2396.455,2823.505,1333.385,11413.515,185.975,0.0,9452.725,47.375,0.565,4738.59,48.13,52.38,94.955,65.765,599.07,3.625,0.0,291.47,10.265,0.84,278.01,43.44,732.495,509.765,43.88,74.58,836.515,5582.045,79.365,12.75,1365.02,104.755,15.81,148.255,155.2,8.6,20.82,18.405,,,,,,,,,,,,,,,,,,,,,,,,,,,,,,,,,,,,,,,,,,,,,,,,,,,,,,,acetylcholine,,acetylcholine=131;gaba=18;glutamate=15
LC10d,suboptimal_only,0,2,131.275,1421.51,14.745,240.28,62.15,6.655,39.715,10.72,3.4,20.72,0.0,0.99,889.04,26.525,190.075,506.785,1716.675,853.515,1286.63,8054.315,130.34,0.0,5734.545,40.125,0.88,4011.615,34.695,71.39,126.705,79.29,433.575,17.96,0.0,279.795,2.2,2.73,180.325,57.005,232.8,19.955,275.065,42.12,158.91,5681.695,55.67,100.24,699.86,99.145,20.81,19.04,10.285,10.945,5.165,22.45,,,,,,,,,,,,,,,,,,,,,,,,,,,,,,,,,,,,,,,,,,,,,,,,,,,,,,,acetylcholine,glutamate,acetylcholine=131;glutamate=62;gaba=15
LPTC_HS.VS,suboptimal_only,0,2,65.045,892.855,75.045,185.185,140.095,8.635,31.55,0.575,0.415,6.455,0.835,3.365,443.135,113.66,83.78,209.07,1855.19,544.505,2471.57,2112.255,54.865,6.49,2843.53,141.885,9.06,1401.205,12.705,11.825,27.85,36.12,572.415,2.235,0.09,382.375,65.055,0.35,283.615,28.775,138.285,356.18,125.37,57.96,108.49,7311.175,60.41,82.955,434.155,14.33,31.48,9.095,14.065,35.365,1.88,170.23,,,,,,,,,,,,,,,,,,,,,,,,,,,,,,,,,,,,,,,,,,,,,,,,,,,,,,,glutamate,gaba+acetylcholine,glutamate=140;gaba=75;acetylcholine=65
Lat,suboptimal_only,0,2,53.365,202.215,120.86,232.555,192.835,76.28,904.17,43.945,40.435,60.65,47.72,195.475,187.155,35.835,57.32,150.775,867.42,873.775,770.5,1988.92,78.04,0.5,1644.855,104.52,4.05,851.685,28.695,8.46,25.885,105.97,342.595,25.325,31.955,304.985,38.435,0.44,151.305,99.56,94.69,386.74,109.155,5.565,100.21,2147.895,6.215,37.78,421.915,100.725,144.23,38.405,7.735,36.565,17.425,87.67,,,,,,,,,,,,,,,,,,,,,,,,,,,,,,,,,,,,,,,,,,,,,,,,,,,,,,,glutamate,gaba+histamine+acetylcholine,glutamate=193;gaba=121;histamine=76
MBON_bp1,suboptimal_only,0,2,16.735,198.76,1067.155,178.255,82.965,6.36,5.18,12.865,5.78,26.81,0.0,3.505,978.76,27.205,684.035,561.385,2310.565,2202.095,1497.785,8799.045,167.15,0.0,9079.065,23.3,0.62,2615.685,39.95,20.7,59.22,48.455,619.37,0.115,3.915,572.97,7.215,1.36,164.855,22.32,146.77,635.51,273.3,12.015,95.025,6638.665,52.29,5.67,218.915,50.865,281.63,353.42,74.73,46.47,13.2,205.99,,,,,,,,,,,,,,,,,,,,,,,,,,,,,,,,,,,,,,,,,,,,,,,,,,,,,,,gaba,glutamate,gaba=178;glutamate=83;acetylcholine=17
MBON_g1pedc,suboptimal_only,0,2,35.135,91.415,741.28,107.77,51.885,10.415,9.855,17.87,20.51,12.72,0.0,18.735,500.405,4.64,52.86,105.555,1612.57,859.355,1081.01,1761.53,51.56,0.155,2343.045,186.495,4.19,906.44,2.04,9.245,11.33,54.03,449.975,18.06,52.245,129.97,6.17,144.25,161.45,1.985,171.49,311.9,113.6,42.67,56.195,4648.935,6.61,55.265,462.955,29.86,157.225,55.775,7.865,73.61,38.585,25.115,,,,,,,,,,,,,,,,,,,,,,,,,,,,,,,,,,,,,,,,,,,,,,,,,,,,,,,gaba,glutamate,gaba=108;glutamate=52;acetylcholine=35
PAM_2,suboptimal_only,0,2,6.415,60.395,15.72,303.72,32.035,16.99,698.04,3074.84,13.75,64.1,0.39,0.255,599.9,83.915,283.51,687.455,1040.135,2076.715,425.695,3775.295,143.715,0.0,3904.775,104.835,0.13,2427.465,66.58,4.38,5.7,89.05,942.6,21.07,0.065,213.01,17.645,0.0,273.535,57.425,422.315,13.13,530.965,3.455,539.82,474.93,327.83,140.07,46.07,60.835,330.63,117.18,45.435,209.115,28.0,342.69,,,,,,,,,,,,,,,,,,,,,,,,,,,,,,,,,,,,,,,,,,,,,,,,,,,,,,,dopamine,,dopamine=698;glutamate=32;histamine=17
PAM_5,suboptimal_only,0,2,5.225,77.92,17.155,159.815,22.425,5.4,280.8,1400.625,63.72,122.465,0.28,0.105,367.535,61.73,27.785,472.615,1525.05,3362.84,461.46,3308.835,95.91,0.0,4633.525,52.09,3.84,4489.98,32.25,0.6,3.445,28.32,1488.82,3.465,4.42,245.69,1.05,2.56,170.2,22.015,104.83,18.875,310.65,1.835,261.76,470.04,191.325,198.16,240.08,186.775,980.805,26.92,63.17,76.21,3.925,113.045,,,,,,,,,,,,,,,,,,,,,,,,,,,,,,,,,,,,,,,,,,,,,,,,,,,,,,,dopamine,octopamine,dopamine=281;octopamine=64;glutamate=22
PAM_6,suboptimal_only,0,2,3.73,58.225,7.865,198.41,34.215,3.575,871.59,3241.555,18.845,38.755,0.16,0.105,459.535,110.94,376.5,540.84,1052.02,1617.575,533.42,4143.825,112.79,0.0,2873.19,111.57,4.335,2002.53,81.535,4.06,14.435,70.085,864.5,0.0,1.35,158.93,26.08,2.435,284.385,64.55,567.2,6.205,471.465,7.505,556.89,232.045,333.375,118.45,48.775,35.415,162.42,48.12,88.33,205.895,36.67,335.32,,,,,,,,,,,,,,,,,,,,,,,,,,,,,,,,,,,,,,,,,,,,,,,,,,,,,,,dopamine,,dopamine=872;glutamate=34;octopamine=19
PAM_7,suboptimal_only,0,2,2.505,104.26,20.785,164.995,57.73,0.165,538.395,1284.43,3.835,136.9,0.0,0.15,1704.745,66.385,65.43,542.87,2739.295,5851.85,957.29,5140.375,188.14,0.0,4702.96,58.255,0.0,2183.105,31.495,3.615,14.69,30.555,905.96,3.345,0.095,376.755,0.955,0.0,226.96,12.91,41.54,16.745,546.3,0.8,527.18,126.155,5.045,20.425,166.87,81.255,488.505,89.37,41.76,51.14,44.715,18.375,,,,,,,,,,,,,,,,,,,,,,,,,,,,,,,,,,,,,,,,,,,,,,,,,,,,,,,dopamine,glutamate,dopamine=538;glutamate=58;gaba=21
PAM_8,suboptimal_only,0,2,9.755,102.145,15.04,229.51,48.715,7.485,861.63,1552.6,7.405,6.205,8.02,3.46,745.725,61.085,693.14,672.16,2198.925,1942.87,594.07,5388.515,136.805,0.0,3886.92,104.89,4.665,1877.85,34.175,49.705,193.625,66.635,551.695,0.245,0.0,193.92,2.325,12.13,229.96,34.185,469.16,21.035,29.635,3.225,434.395,253.56,328.64,308.91,50.065,29.65,432.255,189.265,259.995,205.445,18.855,252.66,,,,,,,,,,,,,,,,,,,,,,,,,,,,,,,,,,,,,,,,,,,,,,,,,,,,,,,dopamine,,dopamine=862;glutamate=49;gaba=15
PAM_9,suboptimal_only,0,2,13.505,120.725,16.78,135.355,97.415,18.865,660.15,1565.73,1.22,116.76,0.0,0.2,1536.82,89.58,119.645,594.085,3845.715,6171.67,1053.095,6508.905,99.24,2.73,4186.715,70.08,1.055,1959.415,64.925,2.73,13.105,76.375,731.82,0.3,0.0,395.55,3.405,1.365,214.37,18.68,330.91,105.465,594.455,4.05,621.635,799.01,7.18,18.56,226.54,176.875,462.805,311.105,167.53,15.355,44.515,3.375,,,,,,,,,,,,,,,,,,,,,,,,,,,,,,,,,,,,,,,,,,,,,,,,,,,,,,,dopamine,glutamate,dopamine=660;glutamate=97;histamine=19
PB_6,suboptimal_only,0,2,158.29,1657.025,2.895,186.19,10.035,1.425,14.465,0.0,1.45,2.07,0.0,1.41,411.5,18.005,15.4,435.6,1774.955,3441.89,1074.62,2742.265,129.655,0.0,4110.145,37.56,145.595,4078.475,36.355,4.635,0.795,13.085,171.61,3.885,0.0,380.695,59.635,0.0,230.735,15.165,7.25,558.53,616.08,4.835,43.835,8294.63,19.12,23.04,66.44,3.47,12.635,0.83,4.58,8.84,24.005,135.93,,,,,,,,,,,,,,,,,,,,,,,,,,,,,,,,,,,,,,,,,,,,,,,,,,,,,,,acetylcholine,,acetylcholine=158;glutamate=10;gaba=3
Pdf,suboptimal_only,0,2,33.315,93.22,68.23,274.35,108.935,1.57,27.39,17.62,114.225,204.145,0.105,13.3,103.555,26.14,149.535,166.035,665.91,629.3,548.535,1502.685,81.12,0.0,2186.385,81.305,9.26,885.675,16.725,8.18,16.635,70.015,162.295,0.56,0.0,160.64,66.645,6.22,140.31,93.23,934.825,153.6,137.24,23.665,89.62,2779.49,90.935,120.21,227.36,39.67,55.975,56.89,44.67,53.39,85.355,89.4,,,,,,,,,,,,,,,,,,,,,,,,,,,,,,,,,,,,,,,,,,,,,,,,,,,,,,,octopamine,glutamate+gaba,octopamine=114;glutamate=109;gaba=68
R7_Rh3,suboptimal_only,0,2,60.185,113.95,10.155,14.75,22.36,656.005,10.88,0.72,5.645,12.545,6.36,1.1,22.285,4.855,14.735,447.055,110.43,170.605,118.59,554.92,14.705,0.76,249.73,12.89,1.79,172.765,3.695,10.12,4.22,7.0,46.19,161.965,2.585,28.7,5.07,14.82,27.955,1.89,11.535,39.05,27.495,2.08,23.405,2756.11,24.885,17.085,36.03,6.125,41.235,7.105,27.64,11.94,0.685,44.92,,,,,,,,,,,,,,,,,,,,,,,,,,,,,,,,,,,,,,,,,,,,,,,,,,,,,,,histamine,acetylcholine,histamine=656;acetylcholine=60;glutamate=22
lLNv,suboptimal_only,0,2,86.2,150.895,95.965,195.595,90.17,0.875,60.145,8.83,62.83,77.5,0.0,5.415,99.99,2.165,129.61,102.045,781.975,1377.865,933.535,1216.08,57.985,0.0,2095.43,36.16,6.36,1048.865,3.58,7.835,23.135,18.365,463.645,3.77,0.0,122.85,63.535,0.0,37.605,34.01,2.96,211.655,283.45,6.875,89.115,1544.33,53.24,449.645,183.435,21.475,27.335,16.685,0.51,57.735,61.865,6.44,,,,,,,,,,,,,,,,,,,,,,,,,,,,,,,,,,,,,,,,,,,,,,,,,,,,,,,gaba,glutamate+acetylcholine+octopamine,gaba=96;glutamate=90;acetylcholine=86
