check,seed,preset,value,status,criterion
rest.spikes_per_step,0,raw,0.0,PASS,< 5
rest.spikes_per_step,1,raw,0.0,PASS,< 5
rest.spikes_per_step,2,raw,0.0,PASS,< 5
rest.spikes_per_step,0,instrumented,0.0,PASS,< 5
rest.spikes_per_step,1,instrumented,0.0,PASS,< 5
rest.spikes_per_step,2,instrumented,0.0,PASS,< 5
taste.MN9_hz,0,raw,10.93417739868164,PASS,> 2
taste.MN9_hz,1,raw,1.6904562711715698,FAIL,> 2
taste.MN9_hz,2,raw,3.1295931339263916,PASS,> 2
taste.MN9_hz,0,instrumented,10.93417739868164,PASS,> 2
taste.MN9_hz,1,instrumented,1.6904562711715698,FAIL,> 2
taste.MN9_hz,2,instrumented,3.1295931339263916,PASS,> 2
smell.PN_hz,0,raw,7.861156463623047,PASS,< 100
smell.PN_hz,1,raw,11.1984224319458,PASS,< 100
smell.PN_hz,2,raw,11.604925155639648,PASS,< 100
smell.PN_hz,0,instrumented,7.861156463623047,PASS,< 100
smell.PN_hz,1,instrumented,11.1984224319458,PASS,< 100
smell.PN_hz,2,instrumented,11.604925155639648,PASS,< 100
smell.KC_active,0,raw,816.0,PASS,> 0
smell.KC_active,1,raw,1345.0,PASS,> 0
smell.KC_active,2,raw,1518.0,PASS,> 0
smell.KC_active,0,instrumented,816.0,PASS,> 0
smell.KC_active,1,instrumented,1345.0,PASS,> 0
smell.KC_active,2,instrumented,1518.0,PASS,> 0
dn.DNa02_L_leg_asym_hz,0,raw,2.580631911754608,PASS,> 0.3
dn.DNa02_L_leg_asym_hz,1,raw,2.4001746475696564,PASS,> 0.3
dn.DNa02_L_leg_asym_hz,2,raw,2.3850228041410446,PASS,> 0.3
dn.DNa02_L_leg_asym_hz,0,instrumented,2.580631911754608,PASS,> 0.3
dn.DNa02_L_leg_asym_hz,1,instrumented,2.4001746475696564,PASS,> 0.3
dn.DNa02_L_leg_asym_hz,2,instrumented,2.3850228041410446,PASS,> 0.3
dn.MDN_top_hz,0,raw,153.0,PASS,< 250
dn.MDN_top_hz,1,raw,172.0,PASS,< 250
dn.MDN_top_hz,2,raw,182.0,PASS,< 250
dn.MDN_top_hz,0,instrumented,153.0,PASS,< 250
dn.MDN_top_hz,1,instrumented,172.0,PASS,< 250
dn.MDN_top_hz,2,instrumented,182.0,PASS,< 250
dn.DNp09_top_hz,0,raw,152.0,PASS,< 250
dn.DNp09_top_hz,1,raw,157.0,PASS,< 250
dn.DNp09_top_hz,2,raw,122.0,PASS,< 250
dn.DNp09_top_hz,0,instrumented,152.0,PASS,< 250
dn.DNp09_top_hz,1,instrumented,157.0,PASS,< 250
dn.DNp09_top_hz,2,instrumented,122.0,PASS,< 250
walk.GF_max_hz,0,raw,4.629162311553955,PASS,< 38
walk.GF_max_hz,1,raw,4.962645053863525,PASS,< 38
walk.GF_max_hz,2,raw,4.60405969619751,PASS,< 38
walk.GF_max_hz,0,instrumented,4.629162311553955,PASS,< 38
walk.GF_max_hz,1,instrumented,4.962645053863525,PASS,< 38
walk.GF_max_hz,2,instrumented,4.60405969619751,PASS,< 38
walk.power_max_hz,0,raw,48.48052978515625,PASS,notnone 0
walk.power_max_hz,1,raw,53.558746337890625,PASS,notnone 0
walk.power_max_hz,2,raw,56.14637756347656,PASS,notnone 0
walk.power_max_hz,0,instrumented,48.48052978515625,PASS,notnone 0
walk.power_max_hz,1,instrumented,53.558746337890625,PASS,notnone 0
walk.power_max_hz,2,instrumented,55.93785858154297,PASS,notnone 0
walk.power_sustained_hz,0,raw,20.109053071339925,PASS,< 50
walk.power_sustained_hz,1,raw,27.893007119496662,PASS,< 50
walk.power_sustained_hz,2,raw,25.538417355219526,PASS,< 50
walk.power_sustained_hz,0,instrumented,20.109053071339925,PASS,< 50
walk.power_sustained_hz,1,instrumented,27.893007119496662,PASS,< 50
walk.power_sustained_hz,2,instrumented,25.39189877510071,PASS,< 50
loom.GF_peak_hz,0,raw,47.227882385253906,PASS,>= 20
loom.GF_peak_hz,1,raw,51.30039596557617,PASS,>= 20
loom.GF_peak_hz,2,raw,52.87992858886719,PASS,>= 20
loom.GF_peak_hz,0,instrumented,47.21619415283203,PASS,>= 20
loom.GF_peak_hz,1,instrumented,51.44266128540039,PASS,>= 20
loom.GF_peak_hz,2,instrumented,45.49848937988281,PASS,>= 20
loom.escape_cm,0,raw,3.5000000000000004,PASS,notnone 0
loom.escape_cm,1,raw,3.5000000000000004,PASS,notnone 0
loom.escape_cm,2,raw,3.5000000000000004,PASS,notnone 0
loom.escape_cm,0,instrumented,3.5000000000000004,PASS,notnone 0
loom.escape_cm,1,instrumented,3.5000000000000004,PASS,notnone 0
loom.escape_cm,2,instrumented,3.5000000000000004,PASS,notnone 0
rotate.DNp20_flip_hz,0,raw,-39.54785623351734,PASS,< -2
rotate.DNp20_flip_hz,1,raw,-36.206922117869055,PASS,< -2
rotate.DNp20_flip_hz,2,raw,-25.172699089845022,PASS,< -2
rotate.DNp20_flip_hz,0,instrumented,-39.33175019025803,PASS,< -2
rotate.DNp20_flip_hz,1,instrumented,-36.15009943048159,PASS,< -2
rotate.DNp20_flip_hz,2,instrumented,-38.910175938407576,PASS,< -2
motion.min_dsi,0,raw,0.24109649799889912,PASS,>= 0.1
motion.min_dsi,1,raw,0.24595003290116416,PASS,>= 0.1
motion.min_dsi,2,raw,0.2410964184151673,PASS,>= 0.1
motion.min_dsi,0,instrumented,0.2406372734722508,PASS,>= 0.1
motion.min_dsi,1,instrumented,0.2484345559672318,PASS,>= 0.1
motion.min_dsi,2,instrumented,0.24063731826711676,PASS,>= 0.1
motion.correct_directions,0,raw,8.0,PASS,== 8
motion.correct_directions,1,raw,8.0,PASS,== 8
motion.correct_directions,2,raw,8.0,PASS,== 8
motion.correct_directions,0,instrumented,8.0,PASS,== 8
motion.correct_directions,1,instrumented,8.0,PASS,== 8
motion.correct_directions,2,instrumented,8.0,PASS,== 8
loom_escape.GF_peak_hz,0,raw,48.09242129325867,PASS,>= 33
loom_escape.GF_peak_hz,1,raw,55.250701904296875,PASS,>= 33
loom_escape.GF_peak_hz,2,raw,48.802336275577545,PASS,>= 33
loom_escape.GF_peak_hz,0,instrumented,49.87672996520996,PASS,>= 33
loom_escape.GF_peak_hz,1,instrumented,42.08183479309082,PASS,>= 33
loom_escape.GF_peak_hz,2,instrumented,51.385653495788574,PASS,>= 33
loom_escape.escapes,0,raw,1.0,PASS,>= 1
loom_escape.escapes,1,raw,1.0,PASS,>= 1
loom_escape.escapes,2,raw,1.0,PASS,>= 1
loom_escape.escapes,0,instrumented,1.0,PASS,>= 1
loom_escape.escapes,1,instrumented,1.0,PASS,>= 1
loom_escape.escapes,2,instrumented,1.0,PASS,>= 1
walk_gf.p99_hz,0,raw,20.099010054972023,PASS,< 38
walk_gf.p99_hz,1,raw,22.53682991348207,PASS,< 38
walk_gf.p99_hz,2,raw,13.54603012368094,PASS,< 38
walk_gf.p99_hz,0,instrumented,20.243713545799253,PASS,< 38
walk_gf.p99_hz,1,instrumented,16.301398207095282,PASS,< 38
walk_gf.p99_hz,2,instrumented,25.870449886322017,PASS,< 38
rotation.group_flip_hz,0,raw,-9.483118057250977,PASS,<= -3
rotation.group_flip_hz,1,raw,-10.428285121917725,PASS,<= -3
rotation.group_flip_hz,2,raw,-10.90660285949707,PASS,<= -3
rotation.group_flip_hz,0,instrumented,-9.252175331115723,PASS,<= -3
rotation.group_flip_hz,1,instrumented,-9.802029609680176,PASS,<= -3
rotation.group_flip_hz,2,instrumented,-9.688612937927246,PASS,<= -3
object.LC10a_flip_hz,0,raw,0.0007251957431435585,KNOWN GAP,abs>= 1.0
object.LC10a_flip_hz,1,raw,-0.00979826645925641,KNOWN GAP,abs>= 1.0
object.LC10a_flip_hz,2,raw,0.009177702013403177,KNOWN GAP,abs>= 1.0
object.LC10a_flip_hz,0,instrumented,-0.0018860669806599617,KNOWN GAP,abs>= 1.0
object.LC10a_flip_hz,1,instrumented,0.02093661273829639,KNOWN GAP,abs>= 1.0
object.LC10a_flip_hz,2,instrumented,0.009744571521878242,KNOWN GAP,abs>= 1.0
bitter.calibrated_sugar_MN9_hz,0,raw,5.518443587422371,PASS,> 2
bitter.calibrated_sugar_MN9_hz,1,raw,4.287665969133377,PASS,> 2
bitter.calibrated_sugar_MN9_hz,2,raw,3.9266281858086587,PASS,> 2
bitter.calibrated_sugar_MN9_hz,0,instrumented,5.518443587422371,PASS,> 2
bitter.calibrated_sugar_MN9_hz,1,instrumented,4.287665969133377,PASS,> 2
bitter.calibrated_sugar_MN9_hz,2,instrumented,3.9266281858086587,PASS,> 2
bitter.calibrated_sugar_bitter_MN9_hz,0,raw,0.0,PASS,< 1
bitter.calibrated_sugar_bitter_MN9_hz,1,raw,0.0,PASS,< 1
bitter.calibrated_sugar_bitter_MN9_hz,2,raw,0.0,PASS,< 1
bitter.calibrated_sugar_bitter_MN9_hz,0,instrumented,0.0,PASS,< 1
bitter.calibrated_sugar_bitter_MN9_hz,1,instrumented,0.0,PASS,< 1
bitter.calibrated_sugar_bitter_MN9_hz,2,instrumented,0.0,PASS,< 1
bitter.shiu_sugar_MN9_hz,0,raw,139.89849777221679,PASS,> 50
bitter.shiu_sugar_MN9_hz,1,raw,138.9340362548828,PASS,> 50
bitter.shiu_sugar_MN9_hz,2,raw,131.5232421875,PASS,> 50
bitter.shiu_sugar_MN9_hz,0,instrumented,140.25978050231933,PASS,> 50
bitter.shiu_sugar_MN9_hz,1,instrumented,149.31423721313476,PASS,> 50
bitter.shiu_sugar_MN9_hz,2,instrumented,132.24853553771973,PASS,> 50
bitter.shiu_sugar_bitter_MN9_hz,0,raw,0.8178397744894028,PASS,< 10
bitter.shiu_sugar_bitter_MN9_hz,1,raw,0.0,PASS,< 10
bitter.shiu_sugar_bitter_MN9_hz,2,raw,0.0,PASS,< 10
bitter.shiu_sugar_bitter_MN9_hz,0,instrumented,1.3755176492966712,PASS,< 10
bitter.shiu_sugar_bitter_MN9_hz,1,instrumented,0.0,PASS,< 10
bitter.shiu_sugar_bitter_MN9_hz,2,instrumented,0.0,PASS,< 10
wind.DNp18_flip_hz,0,raw,44.75843906402588,PASS,>= 15
wind.DNp18_flip_hz,1,raw,46.960357666015625,PASS,>= 15
wind.DNp18_flip_hz,2,raw,46.86198616027832,PASS,>= 15
wind.DNp18_flip_hz,0,instrumented,45.839009284973145,PASS,>= 15
wind.DNp18_flip_hz,1,instrumented,45.86117172241211,PASS,>= 15
wind.DNp18_flip_hz,2,instrumented,46.84571933746338,PASS,>= 15
wind.DNp33_flip_hz,0,raw,-50.272268295288086,PASS,<= -15
wind.DNp33_flip_hz,1,raw,-50.672630310058594,PASS,<= -15
wind.DNp33_flip_hz,2,raw,-50.320072174072266,PASS,<= -15
wind.DNp33_flip_hz,0,instrumented,-49.169118881225586,PASS,<= -15
wind.DNp33_flip_hz,1,instrumented,-49.23678398132324,PASS,<= -15
wind.DNp33_flip_hz,2,instrumented,-50.01917839050293,PASS,<= -15
odour.apple_channel_8cm_hz,0,raw,17.41909408569336,PASS,>= 10
odour.apple_channel_8cm_hz,1,raw,17.38949966430664,PASS,>= 10
odour.apple_channel_8cm_hz,2,raw,17.463451385498047,PASS,>= 10
odour.apple_channel_8cm_hz,0,instrumented,17.44314193725586,PASS,>= 10
odour.apple_channel_8cm_hz,1,instrumented,17.4429988861084,PASS,>= 10
odour.apple_channel_8cm_hz,2,instrumented,17.420751571655273,PASS,>= 10
odour.apple_channel_clean_hz,0,raw,4.408226013183594,PASS,<= 6
odour.apple_channel_clean_hz,1,raw,4.393862247467041,PASS,<= 6
odour.apple_channel_clean_hz,2,raw,4.683420181274414,PASS,<= 6
odour.apple_channel_clean_hz,0,instrumented,4.392709732055664,PASS,<= 6
odour.apple_channel_clean_hz,1,instrumented,4.254387378692627,PASS,<= 6
odour.apple_channel_clean_hz,2,instrumented,4.489073753356934,PASS,<= 6
compass.wedge_cells_persisting,0,raw,0.0,KNOWN GAP,>= 6
compass.wedge_cells_persisting,1,raw,0.0,KNOWN GAP,>= 6
compass.wedge_cells_persisting,2,raw,0.0,KNOWN GAP,>= 6
compass.wedge_cells_persisting,0,instrumented,0.0,KNOWN GAP,>= 6
compass.wedge_cells_persisting,1,instrumented,0.0,KNOWN GAP,>= 6
compass.wedge_cells_persisting,2,instrumented,0.0,KNOWN GAP,>= 6
