arm,starts,run,brain_seed,row,env_seed,start_x,start_y,heading_deg,feeding_s,first_contact_s,path_m,mean_abs_dna_lr_hz,mean_abs_turn,mean_abs_steer_input_hz,mean_abs_integral_hz,mean_abs_yaw_rad_s,min_fruit_distance_m,end_energy,zero_energy_s
full,shipped,0,31,0,0,-0.5,0.05,5.0,14.999999999999725,20.68,0.5283777567843229,1.0218853934824381,0.034962678884524694,5.293167478094499,3.007573217510556,0.099229846628328,0.008944062255068302,0.8369135437656652,17.98
full,shipped,0,31,1,1,-0.5,0.05,90.0,14.999999999999725,23.05,0.6409529095377746,1.5541614871305658,0.04434772393084131,7.06251051949958,3.795252045279679,0.14265014699453615,-0.017254048285338195,0.8490269385662358,17.98
full,shipped,0,31,2,2,-0.5,0.05,-90.0,14.999999999999725,30.02,0.5890073554817181,1.7763537156744944,0.052834234418545144,9.021609410357971,5.277425343665915,0.15772106021172533,0.004782753217668037,0.8805517860858353,18.06
full,shipped,0,31,3,3,-0.5,0.05,185.0,14.999999999999725,32.67,0.6014056292694068,1.990549307332151,0.06210942468576832,10.269209499085942,6.060062027607734,0.1746655888956686,0.011190056203298201,0.8931611517283515,18.15
full,shipped,0,31,4,4,-0.5,0.05,5.0,14.999999999999725,19.69,0.5231166727362964,1.0892166896612956,0.03337507600721437,5.304612137625615,3.163967797588557,0.09979613745359157,0.00991855090169664,0.8316769304803335,18.0
full,shipped,0,31,5,5,-0.5,0.05,5.0,14.999999999999725,21.44,0.6212608084498534,1.4609156949961415,0.04123300243639581,6.614667608737945,3.7464483163598925,0.13237937358886914,0.004430253121650445,0.8408036611474277,17.89
goal-only,shipped,0,31,0,0,-0.5,0.05,5.0,14.999999999999725,36.63,0.6295174157707183,1.1261224746274183,0.09366848290538958,7.4934785728467,0.0,0.1026580938237574,0.0026650507158392477,0.9113408872581362,18.09
goal-only,shipped,0,31,1,1,-0.5,0.05,90.0,14.999999999999725,23.2,0.6718609452501179,0.6231949990388709,0.049017296608459826,3.921383702919508,0.0,0.05854881937333763,-0.0009879925617366885,0.8489915676748143,18.22
goal-only,shipped,0,31,2,2,-0.5,0.05,-90.0,14.999999999999725,35.61,0.6307526217515366,0.6250155594480157,0.05685535446604869,4.548428338884841,0.0,0.06316565494094542,0.008662086806702704,0.9065792666496855,18.27
goal-only,shipped,0,31,3,3,-0.5,0.05,185.0,0.0,,1.443488886978572,0.15837439537009868,0.023389119619969277,1.8711295720686516,0.0,0.031006346113638172,0.2265837912900864,0.0,19.46
goal-only,shipped,0,31,4,4,-0.5,0.05,5.0,14.879999999999727,16.87,1.316267632753784,0.3274561819555052,0.026746189987752588,2.139695193370183,0.0,0.04624523059336946,0.013326033619644156,0.8195303046780066,
goal-only,shipped,0,31,5,5,-0.5,0.05,5.0,14.999999999999725,34.56,1.5676877558754336,1.0576753204092555,0.0879511804515884,7.036094397182266,0.0,0.10250558640582787,0.003582842506107341,0.9037546540517786,18.17
feedback-only,shipped,0,31,0,0,-0.5,0.05,5.0,0.0,,0.9089894796454547,1.7299491156961366,0.06011537566499707,11.416681579127907,7.433236697058504,0.16882404625629385,0.04965618254434754,0.0,18.07
feedback-only,shipped,0,31,1,1,-0.5,0.05,90.0,0.0,,0.9057722109473172,2.151829577397776,0.06709877918032968,13.39090329627196,8.92717884885768,0.18871470072730517,0.023715465859113487,0.0,17.94
feedback-only,shipped,0,31,2,2,-0.5,0.05,-90.0,0.0,,0.9049631100723105,2.039317552735449,0.06397770619515844,12.283925998608272,8.158186373288432,0.17894581028548703,0.03547658589109358,0.0,18.0
feedback-only,shipped,0,31,3,3,-0.5,0.05,185.0,0.0,,0.8961541561595385,2.3300502685853015,0.07063860302883161,13.006769857468704,8.458542436364418,0.19775134538315253,0.018899937308009228,0.0,18.01
feedback-only,shipped,0,31,4,4,-0.5,0.05,5.0,0.0,,0.9008917577950075,1.7414135580740377,0.05951670291641979,11.192251121674975,7.519095472316257,0.16120781815303295,0.04793056205420137,0.0,18.16
feedback-only,shipped,0,31,5,5,-0.5,0.05,5.0,0.0,,0.8988888172158285,1.7496350836078747,0.06250579572205121,12.299310164898634,8.40826547163694,0.1578984241381061,0.0495956075362047,0.0,18.15
full,shipped,1,32,0,0,-0.5,0.05,5.0,14.999999999999725,18.46,0.7342951757352076,1.525772001642476,0.038174680557567627,6.193295645614465,3.267324919098367,0.13809895155385746,0.0011556194820934416,0.8270705220420154,18.07
full,shipped,1,32,1,1,-0.5,0.05,90.0,14.999999999999725,42.07,0.9541889386506466,3.280944367297169,0.09423148200269983,15.044381103310734,8.236301800668395,0.28922363074034513,-0.002930775035398323,0.9371339993861153,18.02
full,shipped,1,32,2,2,-0.5,0.05,-90.0,14.999999999999725,29.55,0.7038444544924637,1.6234817042147163,0.04992392230148349,7.99291302792728,4.628799510159685,0.14561984470044345,-0.01504308640489457,0.8783651759825811,18.08
full,shipped,1,32,3,3,-0.5,0.05,185.0,14.999999999999725,40.67,0.9156686516384029,2.800338060982264,0.08155868896095247,13.855887889464697,7.977861313093453,0.24528417843721825,0.0006196648463193261,0.9305314935968783,17.97
full,shipped,1,32,4,4,-0.5,0.05,5.0,14.999999999999725,19.89,0.5207349795960873,1.162905862177869,0.03665796649559828,5.597930770292878,3.0790370092509933,0.11122955831340692,0.012640815352900216,0.8337554521849533,17.97
full,shipped,1,32,5,5,-0.5,0.05,5.0,14.999999999999725,21.61,0.6236740129387869,1.371203550203797,0.03945208159054649,6.200941267733772,3.5032958746515215,0.1264522989369661,0.00491154541880779,0.841791494990398,18.1
goal-only,shipped,1,32,0,0,-0.5,0.05,5.0,14.999999999999725,36.52,0.8087559177900434,1.0332111464806428,0.09061979095102288,7.249583263546229,0.0,0.10302367333488761,0.0014715803991268298,0.9114085349668563,18.25
goal-only,shipped,1,32,1,1,-0.5,0.05,90.0,0.0,,1.5010446537502287,0.12921497135191282,0.029868098038083796,2.3894478431592385,0.0,0.028199128273270802,0.19442294918263547,0.0,18.42
goal-only,shipped,1,32,2,2,-0.5,0.05,-90.0,14.999999999999725,38.18,0.738978770511336,0.6415928922858027,0.05736282224679599,4.589025770748655,0.0,0.06658063912686502,-0.010782875069631756,0.9190332772030287,18.31
goal-only,shipped,1,32,3,3,-0.5,0.05,185.0,0.0,,1.4493386548928164,0.2636064733115692,0.02311906723516586,1.8495253795199096,0.0,0.04394307779490123,0.22658672501387964,0.0,19.39
goal-only,shipped,1,32,4,4,-0.5,0.05,5.0,14.999999999999725,18.61,0.5065774216307238,0.32787647841087825,0.03225873221158205,2.5806985789785784,0.0,0.036883836358931416,0.011829282845739565,0.8272147862611896,18.17
goal-only,shipped,1,32,5,5,-0.5,0.05,5.0,14.889999999999727,17.03,1.2752333529604558,0.37070964161572706,0.02854040524061323,2.28323242591694,0.0,0.04439953566707008,0.01049665467044416,0.8206459507997046,
feedback-only,shipped,1,32,0,0,-0.5,0.05,5.0,0.0,,0.8896906198553906,2.038013264821384,0.057874759544987074,11.343246058697503,7.334966374356299,0.18452690859608853,0.0468732319323877,0.0,18.07
feedback-only,shipped,1,32,1,1,-0.5,0.05,90.0,0.0,,0.9126100318135251,2.077761245564415,0.06571295702349744,12.80420726776123,8.44740901508058,0.1850966066778604,0.025342144595580048,0.0,18.01
feedback-only,shipped,1,32,2,2,-0.5,0.05,-90.0,0.0,,0.9091090166155624,2.3080340120351943,0.06669734240477435,12.853142535835504,8.386326362316806,0.19044442151809834,0.03772164071883829,0.0,18.15
feedback-only,shipped,1,32,3,3,-0.5,0.05,185.0,0.0,,0.9000603002536035,2.3286611554049506,0.06935598428448429,13.432163494856407,8.822095307931304,0.2031334804879446,0.024556431783937842,0.0,17.96
feedback-only,shipped,1,32,4,4,-0.5,0.05,5.0,0.0,,0.9890585471392168,1.931571007948159,0.06216974858024817,12.185417324670901,8.062736786726552,0.17593469798637246,0.04338054059751357,0.0,18.12
feedback-only,shipped,1,32,5,5,-0.5,0.05,5.0,0.0,,0.8924353028711385,1.6958305292714537,0.05947223115690577,11.495175696847339,7.771547404540081,0.15837698406986475,0.05116515982978855,0.0,18.28
full,shipped,2,33,0,0,-0.5,0.05,5.0,14.999999999999725,20.96,0.5231567766519132,1.0628089524663757,0.035945953216833006,5.695223087271055,3.27828033521461,0.10609121697753812,0.008559281307122808,0.8386275472287956,18.08
full,shipped,2,33,1,1,-0.5,0.05,90.0,14.999999999999725,39.11,0.7776393602481075,2.972825347708662,0.09138669168081832,13.767520442741613,7.295159336534174,0.2646871795939904,0.0003971307619388652,0.9231940879865385,17.93
full,shipped,2,33,2,2,-0.5,0.05,-90.0,14.999999999999725,28.69,0.5877345639174366,1.639268909642329,0.04857989062882553,7.791430534869432,4.448332675479663,0.14578136392651533,0.007118589566467763,0.8738267092444196,17.95
full,shipped,2,33,3,3,-0.5,0.05,185.0,14.999999999999725,33.23,0.7525009651578332,2.176406511258785,0.06451423576683737,11.056466246445973,6.443037605546415,0.19596682369401994,0.004805512072146877,0.8962197899383278,17.94
full,shipped,2,33,4,4,-0.5,0.05,5.0,14.999999999999725,20.05,0.526194210892904,1.1342527800786038,0.03640873495838605,5.814818823685249,3.406287093122179,0.10576073806667936,0.011819563797033895,0.8336686213720147,17.96
full,shipped,2,33,5,5,-0.5,0.05,5.0,14.999999999999725,21.24,0.6422461068257957,1.2979434566698753,0.03859067466143946,5.919455038656791,3.217175726629794,0.12171685298047526,-0.0027114775872815675,0.8398102634213157,17.91
goal-only,shipped,2,33,0,0,-0.5,0.05,5.0,14.999999999999725,44.01,0.6632716435937013,1.1574578094922958,0.09474753962499866,7.579803111329674,0.0,0.11019542090469917,0.009820322597621374,0.9459177604910515,18.21
goal-only,shipped,2,33,1,1,-0.5,0.05,90.0,0.0,,1.5042014756614555,0.3427940735183908,0.04951941598633615,3.9615532736852765,0.0,0.04135536086381985,0.1682010568155317,0.0,18.29
goal-only,shipped,2,33,2,2,-0.5,0.05,-90.0,14.999999999999725,32.69,0.7567083698041371,0.6781967343972142,0.04579321442365957,3.663457142263651,0.0,0.06676013513251422,-0.003766802811303576,0.8935258418133359,18.23
goal-only,shipped,2,33,3,3,-0.5,0.05,185.0,0.0,,1.4645767804260683,0.16718499314201785,0.014606979459261376,1.1685583537648503,0.0,0.03250927822013976,0.2265917558629076,0.0,19.44
goal-only,shipped,2,33,4,4,-0.5,0.05,5.0,14.999999999999725,37.98,0.7229333349852808,1.0829048846139482,0.09506977466730557,7.60558192461729,0.0,0.10269813754987006,0.0015224037029012046,0.9180167153169503,18.27
goal-only,shipped,2,33,5,5,-0.5,0.05,5.0,14.999999999999725,36.99,0.6302614818451407,1.1298224023991639,0.0977624729788901,7.820997815396016,0.0,0.10389980282348654,0.0079819902524329,0.9128742999100343,17.97
feedback-only,shipped,2,33,0,0,-0.5,0.05,5.0,0.0,,0.8919082953167453,1.7661181550010738,0.058393294213771395,11.100676433841388,7.37177820466614,0.16283169266864136,0.04530073260427601,0.0,18.14
feedback-only,shipped,2,33,1,1,-0.5,0.05,90.0,0.0,,0.9144424094502542,2.1625249146882815,0.06755002860940294,13.095836487611136,8.594000788827737,0.1940187751035556,0.021994279260605612,0.0,18.02
feedback-only,shipped,2,33,2,2,-0.5,0.05,-90.0,0.0,,0.9035226915874452,2.010960801602204,0.06656222270032837,12.652990679343542,8.397023644298315,0.18333864960443752,0.0375375730690672,0.0,17.98
feedback-only,shipped,2,33,3,3,-0.5,0.05,185.0,0.0,,1.627377286838345,1.095110305301521,0.033092669272323294,9.081834843444328,6.707402117071906,0.1062391830648546,0.2265917558629076,0.0,18.96
feedback-only,shipped,2,33,4,4,-0.5,0.05,5.0,0.0,,0.9194813253265902,1.993186695090222,0.06096153961691016,12.343298130743205,8.212183105438017,0.17966872860063432,0.04824686908419217,0.0,18.13
feedback-only,shipped,2,33,5,5,-0.5,0.05,5.0,0.0,,0.8977935384527606,2.0096017990874446,0.060192514692686626,11.49240489207208,7.462966581702543,0.17600830864583378,0.04970965104724762,0.0,17.9
full,shipped,3,34,0,0,-0.5,0.05,5.0,14.999999999999725,21.21,0.651049253688037,1.236618977839769,0.03674231976173663,5.699609099725882,3.1297845516260714,0.11475584100012952,0.004571839206344897,0.8399387364384406,18.09
full,shipped,3,34,1,1,-0.5,0.05,90.0,14.999999999999725,35.57,0.7595368056469425,2.5348609462196876,0.07590206656183,12.047156856848547,6.667104665607525,0.2251811690558017,0.004473766727953285,0.9066398002798923,18.03
full,shipped,3,34,2,2,-0.5,0.05,-90.0,14.999999999999725,28.59,0.5800151539051209,1.3197574435373896,0.04738501885799148,7.6356544899940495,4.659548310744576,0.1239961352997175,0.008803853008692165,0.8742124602930365,18.02
full,shipped,3,34,3,3,-0.5,0.05,185.0,9.999999999999831,50.01,0.8727008621037006,3.3238792569077553,0.09933001027136924,15.909655828500787,8.754423124622553,0.2961736989397544,-0.0014111329749886582,0.6331256769824044,18.16
full,shipped,3,34,4,4,-0.5,0.05,5.0,14.999999999999725,20.2,0.5219449461954544,1.129597106458967,0.0357121219165856,5.5265393001834555,3.0488439951417967,0.10961501782648109,0.011019005579057807,0.8344700884294187,18.05
full,shipped,3,34,5,5,-0.5,0.05,5.0,14.999999999999725,21.94,0.6366769954335385,1.4666062973483511,0.041241736732141966,6.870119589964549,3.932763958486418,0.13113922867574807,-0.004481108331382856,0.8431988370074569,18.0
goal-only,shipped,3,34,0,0,-0.5,0.05,5.0,14.999999999999725,36.11,0.7154405142668699,0.9083788874956099,0.08686812102212571,6.949449642077088,0.0,0.08273617283464833,0.002019707884859053,0.9090384881174441,18.28
goal-only,shipped,3,34,1,1,-0.5,0.05,90.0,14.25999999999974,45.75,0.7661078382841067,1.160155838236172,0.10010998586158773,8.008798843783637,0.0,0.10250705615902964,0.013741197124686811,0.9029158952531676,18.42
goal-only,shipped,3,34,2,2,-0.5,0.05,-90.0,7.619999999999882,52.39,0.7769800421649568,0.5677141492346195,0.07179824061085431,5.743859226647764,0.0,0.061701749947775233,0.014076890942278653,0.4824054957915967,18.25
goal-only,shipped,3,34,3,3,-0.5,0.05,185.0,0.0,,1.4430415186588925,0.1749371383741063,0.013932279345963252,1.1145823452507708,0.0,0.030362649348262175,0.2265844583693308,0.0,19.57
goal-only,shipped,3,34,4,4,-0.5,0.05,5.0,14.859999999999728,16.66,1.3149746931288964,0.4723689181339699,0.031101468604562494,2.4881174960235755,0.0,0.06015196940263228,-0.009336047105817102,0.8190475290221316,
goal-only,shipped,3,34,5,5,-0.5,0.05,5.0,14.979999999999725,18.0,0.4996445506618888,0.40401183724433437,0.034902416464246924,2.7921933205301563,0.0,0.046993745647901645,0.01366503646800419,0.8243999970725598,
feedback-only,shipped,3,34,0,0,-0.5,0.05,5.0,0.0,,0.8987273001925664,1.7998335225398039,0.061557918751689915,11.987650747708976,8.197244240699025,0.1655158883902843,0.05201485373085136,0.0,18.09
feedback-only,shipped,3,34,1,1,-0.5,0.05,90.0,0.0,,0.9051282437356802,2.2189371751997515,0.06784228046487745,13.760895847479503,9.47605453458925,0.18623467564119997,0.023353341043769703,0.0,18.05
feedback-only,shipped,3,34,2,2,-0.5,0.05,-90.0,0.0,,0.9066862749918542,1.955726453206595,0.06486545698034508,12.23476138189435,8.184539793431759,0.17430138943001736,0.03204753329323741,0.0,17.97
feedback-only,shipped,3,34,3,3,-0.5,0.05,185.0,1.6400000000000012,58.37,0.9329217841980053,2.196117577699414,0.06942674261398982,12.646859381509325,7.825745789948851,0.20307083810145513,0.014926626273628493,0.10366258157462058,18.13
feedback-only,shipped,3,34,4,4,-0.5,0.05,5.0,0.0,,0.891273101481012,1.8738185358584554,0.06101518326554166,11.827292971337835,7.934599578639803,0.16601712390459766,0.050479432471354634,0.0,18.17
feedback-only,shipped,3,34,5,5,-0.5,0.05,5.0,0.0,,0.9040043495777704,1.873525636344958,0.06128252337288965,11.988632454251249,8.321429485217669,0.16843091881517208,0.048578052074660434,0.0,18.14
full,shipped,4,35,0,0,-0.5,0.05,5.0,14.999999999999725,20.91,0.5295718237510687,1.365677858499817,0.038248020712829504,6.236100196142991,3.5024968529554705,0.12274816089158816,0.007280154068855162,0.8379049831812124,18.02
full,shipped,4,35,1,1,-0.5,0.05,90.0,14.999999999999725,40.01,0.7719463771583377,3.1763740930781696,0.0947859385474779,14.373597276005894,7.452011709810855,0.2835139493858783,-0.004655817858441547,0.9273157890670277,18.05
full,shipped,4,35,2,2,-0.5,0.05,-90.0,14.999999999999725,29.2,0.7206678006131526,1.6457261177112918,0.04938293706140636,7.49327019257471,4.044700736685966,0.15341265489758854,-0.039305309663815666,0.8768595905588952,18.16
full,shipped,4,35,3,3,-0.5,0.05,185.0,14.599999999999733,45.41,0.8441079452631447,3.442836436660031,0.09663296986788433,14.873501574322582,7.759764313865453,0.2870830994322611,-0.010757875543067624,0.9244439989491795,17.94
full,shipped,4,35,4,4,-0.5,0.05,5.0,14.999999999999725,19.92,0.5354239437482381,1.2193675795640246,0.038187476795040615,6.096604540596406,3.495733277515198,0.11876863725235691,0.010184216680929122,0.8322575886689014,17.82
full,shipped,4,35,5,5,-0.5,0.05,5.0,14.999999999999725,21.35,0.5327537798214486,1.3450820622335418,0.03861841789361885,5.3667950825889905,2.7592365873729188,0.12277407092175821,0.006240093365001878,0.8402797103548438,17.94
goal-only,shipped,4,35,0,0,-0.5,0.05,5.0,14.849999999999728,16.56,1.3378833183143428,0.3401269380016641,0.030534893504033486,2.4427914791554213,0.0,0.05175923164811802,-0.007509024121408917,0.8184242244612667,
goal-only,shipped,4,35,1,1,-0.5,0.05,90.0,14.999999999999725,42.04,0.7524506628312428,0.9154014768175771,0.08927528624694483,7.142022869375845,0.0,0.08750021317714057,0.0025005449168888343,0.937094441807775,18.31
goal-only,shipped,4,35,2,2,-0.5,0.05,-90.0,14.999999999999725,36.89,0.7164645761550138,0.643826342669413,0.05205497721976523,4.164398162644357,0.0,0.06618568098032326,-0.010551968586676563,0.9130977848293808,18.31
goal-only,shipped,4,35,3,3,-0.5,0.05,185.0,0.0,,1.4718263312451985,0.13510649792563365,0.012845447028327423,1.027635759698848,0.0,0.02546942431008386,0.2265843733576792,0.0,19.34
goal-only,shipped,4,35,4,4,-0.5,0.05,5.0,14.999999999999725,20.3,0.5225077890966745,0.5692783241745644,0.036795974657676804,2.9436779656012853,0.0,0.05902002621706043,0.014027551889340475,0.8346108312940118,18.11
goal-only,shipped,4,35,5,5,-0.5,0.05,5.0,14.999999999999725,36.13,0.7515774549636248,1.276250918972227,0.1025724978230816,8.20579977893581,0.0,0.11801916492927286,0.0037282474077548217,0.9095090539547447,18.21
feedback-only,shipped,4,35,0,0,-0.5,0.05,5.0,0.0,,0.9026326920379996,1.737910585450716,0.05876304117052314,11.221090284318974,7.4317091691074895,0.15768449417921357,0.050169143874332515,0.0,18.15
feedback-only,shipped,4,35,1,1,-0.5,0.05,90.0,0.0,,0.8980925469692806,2.099489081178244,0.06654794207917196,13.524759418666363,9.151948965589206,0.18707594545616818,0.022431595701550094,0.0,18.11
feedback-only,shipped,4,35,2,2,-0.5,0.05,-90.0,0.0,,0.9007767200601873,1.9672383757339635,0.06661438424026832,12.633005417163174,8.210020809794466,0.18466680771059374,0.04036438460164292,0.0,18.13
feedback-only,shipped,4,35,3,3,-0.5,0.05,185.0,0.0,,0.9123294901523862,2.2406082718415194,0.06689918314454796,13.863889799502989,9.363180394143177,0.1986050287449914,0.03699693518834462,0.0,17.81
feedback-only,shipped,4,35,4,4,-0.5,0.05,5.0,0.0,,0.9081450416540852,1.7881880668917733,0.06130659129208652,12.024038246131191,8.393201126678226,0.16021488245792748,0.0499764982925776,0.0,18.05
feedback-only,shipped,4,35,5,5,-0.5,0.05,5.0,0.0,,0.8999265996252706,1.9804049194558213,0.061414760011748136,11.877757569427292,8.008527977379659,0.17811088333418051,0.051105794254810065,0.0,18.15
full,shipped,5,36,0,0,-0.5,0.05,5.0,14.999999999999725,20.66,0.555319563591123,1.0990644308054711,0.03623633363740131,5.645344335188469,3.226974231877054,0.10619563537731265,0.008867119759862277,0.8368770440225372,17.96
full,shipped,5,36,1,1,-0.5,0.05,90.0,14.999999999999725,39.34,0.7519465603543442,3.1121909857538785,0.09230681631700614,13.872019843645393,7.261752162768195,0.273665607274774,-0.010054006504281022,0.9243322273146458,18.0
full,shipped,5,36,2,2,-0.5,0.05,-90.0,14.999999999999725,29.38,0.587390250164995,1.6272457615443932,0.05088927079292868,8.448932661662498,4.86803083343509,0.15055035642647097,0.00596328160091774,0.8774460654315005,18.13
full,shipped,5,36,3,3,-0.5,0.05,185.0,14.999999999999725,31.81,0.5978102452722742,2.2536749913589453,0.06110964365929249,10.005949989855289,5.509256419890249,0.19313818478876071,0.010155778289800507,0.8888647757574815,18.13
full,shipped,5,36,4,4,-0.5,0.05,5.0,14.999999999999725,21.02,0.5288800460570965,1.4130671735255909,0.039240052609238775,6.1398001122474675,3.3417405889028062,0.12412042549295924,0.007465993645702079,0.8383665434617019,18.05
full,shipped,5,36,5,5,-0.5,0.05,5.0,14.999999999999725,21.89,0.6866493032587784,1.5105485293433392,0.04017503002551772,6.459254070445895,3.6105872771237046,0.13855106910924508,0.00034611826920437,0.8427501526968858,18.06
goal-only,shipped,5,36,0,0,-0.5,0.05,5.0,14.999999999999725,38.97,0.6282764783657436,0.8507305545864774,0.07616925836773589,6.0935406525433065,0.0,0.07931479766160052,0.0028828170285416146,0.9224081112354762,18.11
goal-only,shipped,5,36,1,1,-0.5,0.05,90.0,14.73999999999973,45.27,0.6573807147508064,0.958545293849999,0.09011029216533643,7.20882333131507,0.0,0.08175918062602008,0.013887763608802573,0.933327863904769,18.5
goal-only,shipped,5,36,2,2,-0.5,0.05,-90.0,14.999999999999725,42.03,0.6485006934907447,0.7433778879760018,0.06172293303199695,4.93783461677221,0.0,0.07165993883158978,0.012462502688837744,0.9366694307940606,18.31
goal-only,shipped,5,36,3,3,-0.5,0.05,185.0,0.0,,1.6520084173302856,0.15807158040398211,0.015536083711958781,1.2428867030966406,0.0,0.031338184598300935,0.22658484803101334,0.0,19.54
goal-only,shipped,5,36,4,4,-0.5,0.05,5.0,14.869999999999727,16.76,1.3132730120843932,0.4000326874572061,0.029240726954303683,2.339258151256169,0.0,0.05365408815284672,-0.011657538883737833,0.8192167430581002,
goal-only,shipped,5,36,5,5,-0.5,0.05,5.0,14.889999999999727,17.11,1.332985684580375,0.5089296500806532,0.028639277551556007,2.291142195351422,0.0,0.05893516797590106,-0.006385725316313654,0.8203709990702458,
feedback-only,shipped,5,36,0,0,-0.5,0.05,5.0,0.0,,0.9899260350434351,1.9449042145318216,0.05731425122213599,10.60682560907056,6.875048307271984,0.16617607614533778,0.04774047146974713,0.0,18.12
feedback-only,shipped,5,36,1,1,-0.5,0.05,90.0,0.0,,0.9068779020884665,1.9699891645657863,0.0648128896990723,12.510551850199699,8.248116386458278,0.18045800706807635,0.022407501054482526,0.0,18.02
feedback-only,shipped,5,36,2,2,-0.5,0.05,-90.0,0.0,,0.8993534415433344,2.164510318409798,0.06589509593905556,12.133696770270666,7.657259966284037,0.19053624994380566,0.04077328898399995,0.0,18.05
feedback-only,shipped,5,36,3,3,-0.5,0.05,185.0,0.0,,0.899669860994074,2.0890053189467803,0.06527793746519213,13.386493760701269,9.154006231719007,0.1855697641937897,0.05537630187441233,0.0,18.04
feedback-only,shipped,5,36,4,4,-0.5,0.05,5.0,0.0,,0.9002184625014195,1.9845798795166563,0.0593382769029995,11.665777222073327,7.716993604002831,0.17168282276832453,0.05115090249408901,0.0,18.12
feedback-only,shipped,5,36,5,5,-0.5,0.05,5.0,0.0,,0.908241820632541,1.9639882641099737,0.06278802667996691,12.021804171999296,8.167249529524707,0.1678432991387446,0.05286096133222263,0.0,18.06
full,drawn,0,31,0,0,-0.19033049573388322,-0.043482688814040826,-113.49663953961064,13.569999999999755,1.87,1.396114814730507,0.09576562050313832,0.0020388290809933095,0.3367576958735784,0.17365137077557544,0.028130076870324896,-0.012516810098007074,0.7431548197759196,
full,drawn,0,31,1,1,0.536004527671718,-0.08907576783745286,-110.20876239444814,14.519999999999735,12.85,0.6063567040042965,0.38242370821734434,0.011324837485250707,2.3858804684877395,1.5406894777839382,0.049849762684849294,-0.0019496904906141695,0.7989244022173746,
full,drawn,0,31,2,2,-0.19941807766593161,-0.2751324824690579,112.97796125580754,14.999999999999725,23.9,1.5652888705615202,0.9728466891319746,0.02461995210988486,5.079822728708386,3.250658639498676,0.0911349350183914,-0.02190807381744819,0.8540064295685232,18.13
full,drawn,0,31,3,3,0.3174038294020318,-0.014724182086098103,-27.725692268078518,13.449999999999758,0.42,1.2973170070749374,0.026300415915237442,0.0001743581572857996,0.019019054969151815,0.005070402690519889,0.01940448510398897,0.004791169274221239,0.7365564871260809,
full,drawn,0,31,4,4,0.4068861628658377,-0.18105349844072238,-87.86861814303862,14.999999999999725,20.48,0.6373037710385794,0.9749319656288319,0.02850692091936556,6.169361128409704,4.080573885549481,0.09065237300147684,-0.004270082718139863,0.8366438418687432,18.0
full,drawn,0,31,5,5,-0.11980671280688665,-0.16999832601420917,32.725026635548176,14.019999999999746,7.04,0.4530385443831602,0.3285746301826312,0.007877802530031962,1.7742986036340396,1.1752529321517795,0.038871124102931934,-0.05618941393536016,0.767389863388168,
goal-only,drawn,0,31,0,0,-0.19033049573388322,-0.043482688814040826,-113.49663953961064,13.579999999999755,1.99,1.3432460869134715,0.08906419771507336,0.002463222707544143,0.19705781675875186,0.0,0.03021108862848614,-0.011351343938736162,0.7438647396398748,
goal-only,drawn,0,31,1,1,0.536004527671718,-0.08907576783745286,-110.20876239444814,14.999999999999725,31.97,0.5861183150705502,0.4361348275946987,0.057572226501555024,4.605778095902254,0.0,0.04686614484950247,-0.060447468929220115,0.8896527617185357,18.18
goal-only,drawn,0,31,2,2,-0.19941807766593161,-0.2751324824690579,112.97796125580754,7.209999999999891,52.8,0.8316042073956899,1.220649197630912,0.12142665942248035,9.714132701481383,0.0,0.10388011822613662,0.01455499486439344,0.45643855384786763,18.1
goal-only,drawn,0,31,3,3,0.3174038294020318,-0.014724182086098103,-27.725692268078518,13.449999999999758,0.42,1.2415337394492618,0.03956999408377503,0.0001743581572857996,0.013948652148246764,0.0,0.019873200067736553,0.004496241586059359,0.7360444468327907,
goal-only,drawn,0,31,4,4,0.4068861628658377,-0.18105349844072238,-87.86861814303862,0.0,,1.436267268545372,0.24860473833032662,0.028461058667241256,2.276884692172753,0.0,0.037498469504554766,0.13898346583157337,0.0,18.69
goal-only,drawn,0,31,5,5,-0.11980671280688665,-0.16999832601420917,32.725026635548176,14.999999999999725,34.09,0.6934840171171865,1.0446871967367515,0.0875459167372901,7.003673287344475,0.0,0.09833818695325393,0.004784820563725348,0.8998740604576366,18.24
feedback-only,drawn,0,31,0,0,-0.19033049573388322,-0.043482688814040826,-113.49663953961064,13.569999999999755,1.82,1.4742326471996634,0.1659785868281013,0.0036886856763157995,0.4813135361671448,0.18836671645442646,0.0395554657039759,-0.015147557757957324,0.743687490844657,
feedback-only,drawn,0,31,1,1,0.536004527671718,-0.08907576783745286,-110.20876239444814,0.0,,1.4735436880774166,0.9236887843645593,0.027373856989859936,8.059537806672354,6.19027955615893,0.0981695421541817,0.17498388075073076,0.0,19.19
feedback-only,drawn,0,31,2,2,-0.19941807766593161,-0.2751324824690579,112.97796125580754,14.559999999999734,13.02,0.663811566724195,0.753712138658364,0.01891841831927498,3.9778436283270517,2.4704334606975316,0.07631495772366738,-0.06412894113172465,0.7996563434702958,
feedback-only,drawn,0,31,3,3,0.3174038294020318,-0.014724182086098103,-27.725692268078518,13.449999999999758,0.42,1.2877178071553452,0.04252697091911982,0.00017838157247751952,0.019546380241711934,0.005275854058563709,0.02179882585328658,0.0018875981947774345,0.736710331789944,
feedback-only,drawn,0,31,4,4,0.4068861628658377,-0.18105349844072238,-87.86861814303862,0.0,,1.5130493420625464,1.2772018421821436,0.03949950219839707,8.850108094463746,6.28594112044666,0.12532553135182806,0.13898346583157337,0.0,18.86
feedback-only,drawn,0,31,5,5,-0.11980671280688665,-0.16999832601420917,32.725026635548176,14.039999999999745,7.34,0.44930890386186706,0.22602663899127137,0.005193095920355215,1.6682032187779745,1.278484677945574,0.029967584557275825,-0.0406810053902597,0.7692840202897977,
full,drawn,1,32,0,0,-0.19033049573388322,-0.043482688814040826,-113.49663953961064,15.059999999999723,1.88,0.6010768377804819,0.67285510145759,0.02161510198415878,4.515158621792992,3.0530875224340708,0.07450744863221978,-0.03033537430269894,0.8290031510298573,
full,drawn,1,32,1,1,0.536004527671718,-0.08907576783745286,-110.20876239444814,14.619999999999733,13.84,0.6356864146409564,0.6024888181025861,0.016861649456841404,3.706605265835921,2.510975526664406,0.06506963185865582,-0.0006721321347083467,0.8036322692286963,
full,drawn,1,32,2,2,-0.19941807766593161,-0.2751324824690579,112.97796125580754,14.359999999999738,10.98,0.4564258353224004,0.26254414535383097,0.0071503855683840815,1.409706390624245,0.8693174965369205,0.035601893593891536,0.00558751591143454,0.7895493183128062,
full,drawn,1,32,3,3,0.3174038294020318,-0.014724182086098103,-27.725692268078518,13.449999999999758,0.4,1.25227256571121,0.0836626045147851,0.00010472897673025728,0.010604885816574096,0.0022265676967799662,0.022954981349282533,0.002159689484328573,0.7366564113904149,
full,drawn,1,32,4,4,0.4068861628658377,-0.18105349844072238,-87.86861814303862,14.999999999999725,20.93,0.6452844180378631,0.9851802333811454,0.028156613505949887,5.876753291363517,3.7311004274369526,0.09441362900167082,-0.005161886614865996,0.8383784641214167,17.98
full,drawn,1,32,5,5,-0.11980671280688665,-0.16999832601420917,32.725026635548176,14.019999999999746,6.98,0.5698537801126686,0.2604289700014174,0.007877825943481487,1.7815657081703344,1.200039189987195,0.038647066191951816,-0.06141482340118295,0.768603804391237,
goal-only,drawn,1,32,0,0,-0.19033049573388322,-0.043482688814040826,-113.49663953961064,13.569999999999755,1.89,1.3479018851751319,0.07021804647295382,0.0022031207367156943,0.1762496596078078,0.0,0.025339875335252397,-0.015512083898277285,0.7441280663353228,
goal-only,drawn,1,32,1,1,0.536004527671718,-0.08907576783745286,-110.20876239444814,14.999999999999725,31.42,0.6052308849791955,0.5761255011043753,0.0641331874638369,5.1306549896796545,0.0,0.056514494105866175,-0.03634929225037362,0.8866932219894484,18.3
goal-only,drawn,1,32,2,2,-0.19941807766593161,-0.2751324824690579,112.97796125580754,14.999999999999725,33.43,0.5992571858155679,0.6978865404580327,0.06760723402316217,5.408578706582388,0.0,0.06458757792098503,-0.050626558811134,0.896170825814917,18.19
goal-only,drawn,1,32,3,3,0.3174038294020318,-0.014724182086098103,-27.725692268078518,13.449999999999758,0.4,1.2743318039872482,0.09460444356724104,0.00010472897673025728,0.008378318349520365,0.0,0.02493563244854388,0.003966451325159574,0.736389100016634,
goal-only,drawn,1,32,4,4,0.4068861628658377,-0.18105349844072238,-87.86861814303862,0.0,,1.5221327335232342,0.11902542131107884,0.028519357680731144,2.281548609286547,0.0,0.02962422503967866,0.13898325952902832,0.0,18.63
goal-only,drawn,1,32,5,5,-0.11980671280688665,-0.16999832601420917,32.725026635548176,14.489999999999736,12.57,0.4637080717114406,0.2719402159967958,0.019558812457835303,1.564704993950824,0.0,0.03249960656072419,0.007598335533947703,0.7971240145883015,
feedback-only,drawn,1,32,0,0,-0.19033049573388322,-0.043482688814040826,-113.49663953961064,14.559999999999734,13.11,0.5792528743192509,0.6274963781980766,0.01906893073619964,3.0835533744096755,1.7325831479827563,0.06690671210790916,-0.018554665010096907,0.8001840709156213,
feedback-only,drawn,1,32,1,1,0.536004527671718,-0.08907576783745286,-110.20876239444814,0.0,,1.55334047305412,1.0721532819419677,0.03152382611713316,8.213762993489702,5.9862968426321945,0.10956530434966293,0.17508742164027527,0.0,19.25
feedback-only,drawn,1,32,2,2,-0.19941807766593161,-0.2751324824690579,112.97796125580754,14.579999999999734,13.39,0.6626029914609419,0.6474365062549202,0.01919717222859617,3.7243586921691896,2.3524537227799494,0.06933760686273305,-0.06994672866538368,0.8014046999176797,
feedback-only,drawn,1,32,3,3,0.3174038294020318,-0.014724182086098103,-27.725692268078518,13.449999999999758,0.4,1.2558186463228114,0.0563141496620139,0.00010534360694388549,0.010825234353542329,0.002397745760778586,0.026165711987827085,-0.00035583701626834986,0.7367161460776307,
feedback-only,drawn,1,32,4,4,0.4068861628658377,-0.18105349844072238,-87.86861814303862,0.0,,1.4588359085715266,1.203120991345546,0.03626375154623626,8.739230150530735,6.33489210239922,0.11184178093006042,0.13898327900385615,0.0,18.82
feedback-only,drawn,1,32,5,5,-0.11980671280688665,-0.16999832601420917,32.725026635548176,14.039999999999745,7.25,0.4469198528072739,0.18904039013647903,0.005768826535592477,1.9232390128572783,1.496276794821024,0.02819119262623732,-0.03554972960807651,0.769640953635608,
full,drawn,2,33,0,0,-0.19033049573388322,-0.043482688814040826,-113.49663953961064,14.949999999999726,1.74,0.7112455683570689,0.7469803919459976,0.024219551424806317,4.4128045000632605,2.8190451476629823,0.08202611125729148,-0.03732940654791388,0.8228354757082598,
full,drawn,2,33,1,1,0.536004527671718,-0.08907576783745286,-110.20876239444814,14.519999999999735,12.9,0.6446761744419417,0.5913326252378109,0.014525928305423198,3.1147420789301394,2.010840895778189,0.060078647756054905,-0.004124293674163176,0.7983768681420266,
full,drawn,2,33,2,2,-0.19941807766593161,-0.2751324824690579,112.97796125580754,14.999999999999725,28.72,0.6897011210205511,0.8446801125553415,0.023880494870390977,4.982287102267146,3.469265554165468,0.08166433582643737,-0.02031800977976435,0.8745972351125416,18.2
full,drawn,2,33,3,3,0.3174038294020318,-0.014724182086098103,-27.725692268078518,13.449999999999758,0.43,1.2686032365361983,0.07923439689806878,0.0001745574789432188,0.019043062130610147,0.00507846400141716,0.027607903243667634,0.0013935917441675327,0.7366374702331527,
full,drawn,2,33,4,4,0.4068861628658377,-0.18105349844072238,-87.86861814303862,14.999999999999725,20.39,0.6474156970488665,1.0218513409793661,0.027694414911869292,5.743630480791132,3.670304331878821,0.09414063654611289,0.0020884697407198716,0.8357638389369175,18.1
full,drawn,2,33,5,5,-0.11980671280688665,-0.16999832601420917,32.725026635548176,14.019999999999746,6.84,0.5642064138710426,0.33629854015735117,0.00802656851708889,1.735357842023174,1.1399848071144272,0.03801030404847566,-0.057429399095728806,0.768253645674746,
goal-only,drawn,2,33,0,0,-0.19033049573388322,-0.043482688814040826,-113.49663953961064,13.569999999999755,1.78,1.3210826827273856,0.09351093245928437,0.0020368822074184815,0.16295057728886606,0.0,0.025170017707022374,-0.014091967770792146,0.7444302953151812,
goal-only,drawn,2,33,1,1,0.536004527671718,-0.08907576783745286,-110.20876239444814,0.0,,0.9071692226658968,2.1453499138573657,0.19705298704560847,15.76423892185092,0.0,0.17668490591929323,0.01973583526008725,0.0,18.1
goal-only,drawn,2,33,2,2,-0.19941807766593161,-0.2751324824690579,112.97796125580754,8.829999999999856,51.18,0.8754215657179392,1.278012454682961,0.10985766641815038,8.788613260115186,0.0,0.1172495709361133,0.013940167892746153,0.5590423776268252,18.17
goal-only,drawn,2,33,3,3,0.3174038294020318,-0.014724182086098103,-27.725692268078518,13.449999999999758,0.43,1.2724598904577538,0.03693362203753315,0.00017455662212645013,0.013964529633522033,0.0,0.027247165440097792,0.003481545899413829,0.7378589355323034,
goal-only,drawn,2,33,4,4,0.4068861628658377,-0.18105349844072238,-87.86861814303862,0.0,,1.490207641950779,0.2125643250610188,0.023317542154203088,1.8654033700046906,0.0,0.034526251647808495,0.13898377641125356,0.0,19.14
goal-only,drawn,2,33,5,5,-0.11980671280688665,-0.16999832601420917,32.725026635548176,14.999999999999725,33.17,0.7082202930561748,0.8595852823442229,0.08190070262047812,6.552056174452106,0.0,0.08634186622850165,0.0075811776583699225,0.8955960470104841,18.18
feedback-only,drawn,2,33,0,0,-0.19033049573388322,-0.043482688814040826,-113.49663953961064,14.509999999999735,1.72,0.5760327394443729,0.5773784864114045,0.017723894748778547,2.9134410709142684,1.7563184513896704,0.0625226950808386,-0.02304089862686154,0.7976519021517784,
feedback-only,drawn,2,33,1,1,0.536004527671718,-0.08907576783745286,-110.20876239444814,0.0,,1.4767331691706604,1.0458580672082942,0.027588905107537965,7.616104142790039,5.640083269640648,0.10061155974579185,0.17516768855526935,0.0,19.3
feedback-only,drawn,2,33,2,2,-0.19941807766593161,-0.2751324824690579,112.97796125580754,14.569999999999734,13.09,0.5985252355814202,0.639968947327772,0.019850106607579316,4.1212103527784345,2.674976267243425,0.06944919942174108,-0.07405949855565416,0.7998613257154702,
feedback-only,drawn,2,33,3,3,0.3174038294020318,-0.014724182086098103,-27.725692268078518,13.449999999999758,0.44,1.2440857623526793,0.09987832566723233,0.00017944452663262684,0.01964233100414276,0.005286769059797128,0.025948761313277727,0.0020176523161912364,0.7363064771689936,
feedback-only,drawn,2,33,4,4,0.4068861628658377,-0.18105349844072238,-87.86861814303862,0.0,,1.4732297754897539,1.0023679660173637,0.03333842453019315,7.0759590778127315,4.898389359341624,0.0990415518677582,0.13898377641125356,0.0,18.84
feedback-only,drawn,2,33,5,5,-0.11980671280688665,-0.16999832601420917,32.725026635548176,14.039999999999745,7.19,0.4497537920522197,0.18942104794806433,0.005188814568682574,1.3275303200880686,0.9152567904318373,0.028214027290623656,-0.02950476615540637,0.7692128374856297,
full,drawn,3,34,0,0,-0.19033049573388322,-0.043482688814040826,-113.49663953961064,15.049999999999724,1.76,0.6412229764843764,0.8257611711734281,0.02323863028080571,4.978002392612398,3.2898192736071845,0.08321715637801198,-0.04954772467580243,0.8444952370042096,18.6
full,drawn,3,34,1,1,0.536004527671718,-0.08907576783745286,-110.20876239444814,14.619999999999733,13.93,0.5821864068955297,0.5027501194791283,0.013717758084773475,2.91599651068449,2.0061973828387756,0.05873462022190279,-0.00016117845602785577,0.8047736662732302,
full,drawn,3,34,2,2,-0.19941807766593161,-0.2751324824690579,112.97796125580754,14.29999999999974,10.19,0.5658411886325229,0.3204610296179895,0.009496101536399995,1.8142986109356085,1.1335978258773685,0.042682484265592686,-0.006612323651340582,0.7853778552730496,
full,drawn,3,34,3,3,0.3174038294020318,-0.014724182086098103,-27.725692268078518,13.449999999999758,0.49,1.260219986320971,0.08117333698242807,0.00017530800541862846,0.019105753501256307,0.005081112664192915,0.02194984247873139,-0.0015742987530782846,0.7372259067669089,
full,drawn,3,34,4,4,0.4068861628658377,-0.18105349844072238,-87.86861814303862,14.999999999999725,20.8,0.6173758896318694,0.9753614815365662,0.026226710077219953,6.107086342871189,4.118423188325639,0.09003699944398828,0.0011705987007766365,0.8388639025331689,18.18
full,drawn,3,34,5,5,-0.11980671280688665,-0.16999832601420917,32.725026635548176,14.019999999999746,7.11,0.6097686036888516,0.29289433830588135,0.007691428779313962,1.3514752573023239,0.7786246612776692,0.04683941138825683,-0.06418948878632935,0.7688161231676564,
goal-only,drawn,3,34,0,0,-0.19033049573388322,-0.043482688814040826,-113.49663953961064,13.569999999999755,1.85,1.3532735931153363,0.10770478954548206,0.0020105758084294698,0.1608460662762324,0.0,0.027095938201176183,-0.008079643921514657,0.7440602945159548,
goal-only,drawn,3,34,1,1,0.536004527671718,-0.08907576783745286,-110.20876239444814,0.0,,1.0165539686003928,1.799728780176475,0.17379409962595674,13.903527886768183,0.0,0.1580859118165597,0.01747621397187246,0.0,18.42
goal-only,drawn,3,34,2,2,-0.19941807766593161,-0.2751324824690579,112.97796125580754,14.999999999999725,24.34,0.6745464748237584,0.2818245813001027,0.02994762398583892,2.395809917971492,0.0,0.03562988908638232,0.009279844082892258,0.8542181966903222,18.5
goal-only,drawn,3,34,3,3,0.3174038294020318,-0.014724182086098103,-27.725692268078518,13.449999999999758,0.48,1.2916147367463262,0.06166214486369264,0.0001753161265514791,0.014025290211041768,0.0,0.02073117744313929,-0.0013072816900971491,0.7365244197196132,
goal-only,drawn,3,34,4,4,0.4068861628658377,-0.18105349844072238,-87.86861814303862,0.0,,1.4809708782326692,0.23037196389244205,0.03039840883963431,2.4318727031101783,0.0,0.04044033804462261,0.13898188641579212,0.0,19.06
goal-only,drawn,3,34,5,5,-0.11980671280688665,-0.16999832601420917,32.725026635548176,14.999999999999725,33.34,0.7187221762414251,1.1230841743960727,0.08552810310948795,6.842248229036729,0.0,0.10110764709609554,-0.0031616385663146944,0.8965436256049085,18.17
feedback-only,drawn,3,34,0,0,-0.19033049573388322,-0.043482688814040826,-113.49663953961064,14.529999999999735,1.79,0.5693838492073282,0.5795237184127447,0.018086076161610738,2.8710536815722785,1.6868514607598384,0.05941625698716951,-0.020437817572714956,0.797786623172957,
feedback-only,drawn,3,34,1,1,0.536004527671718,-0.08907576783745286,-110.20876239444814,0.0,,1.556777628566715,0.9584896425402405,0.02845336987315932,8.367468727777402,6.405926979758466,0.10060326504844674,0.17487614935495713,0.0,19.3
feedback-only,drawn,3,34,2,2,-0.19941807766593161,-0.2751324824690579,112.97796125580754,14.569999999999734,13.22,0.6055536797048386,0.6866018864580925,0.019217377608292736,3.9001074695587157,2.4654397620012363,0.0709304471919595,-0.07161002434082636,0.800158223711193,
feedback-only,drawn,3,34,3,3,0.3174038294020318,-0.014724182086098103,-27.725692268078518,13.449999999999758,0.47,1.2329451055832408,0.08649154228805965,0.0001792698074132204,0.01963529388109843,0.005293709176282088,0.026042717640324297,0.0016900309515765783,0.7362176943854326,
feedback-only,drawn,3,34,4,4,0.4068861628658377,-0.18105349844072238,-87.86861814303862,0.0,,1.5208932763941103,1.091085548936088,0.03706952325414629,10.563392402082682,8.351108412314206,0.10774821399505313,0.13898188641579212,0.0,18.83
feedback-only,drawn,3,34,5,5,-0.11980671280688665,-0.16999832601420917,32.725026635548176,14.049999999999745,7.44,0.44822731844862934,0.2388648817875459,0.005236806638325409,1.4784837115804355,1.0757645909984908,0.03287997804572881,-0.026213203059433282,0.7701116151927239,
full,drawn,4,35,0,0,-0.19033049573388322,-0.043482688814040826,-113.49663953961064,13.569999999999755,1.8,1.3714943728648739,0.03126760813369473,0.0019256004423368722,0.3335551163305839,0.1795070713913689,0.02715406604475722,-0.015553828974123139,0.7435484594281528,
full,drawn,4,35,1,1,0.536004527671718,-0.08907576783745286,-110.20876239444814,14.629999999999733,14.0,0.5842300742180304,0.5397223469546696,0.014403224003229602,3.1813517416020236,2.095025692842901,0.05758260058856979,-0.0029007096776662057,0.8051553886869759,
full,drawn,4,35,2,2,-0.19941807766593161,-0.2751324824690579,112.97796125580754,14.389999999999738,11.34,0.46379901442541804,0.3973922332062599,0.008148948606491709,2.0650151996066173,1.4491725051558266,0.04254198576446371,0.00652320478262762,0.7904423163354322,
full,drawn,4,35,3,3,0.3174038294020318,-0.014724182086098103,-27.725692268078518,13.449999999999758,0.41,1.254339925304435,0.11702626934556562,0.00017493225866928696,0.01908607323964437,0.005091492868959904,0.023660054706970003,0.002447286791716118,0.7368508125966681,
full,drawn,4,35,4,4,0.4068861628658377,-0.18105349844072238,-87.86861814303862,14.999999999999725,20.5,0.6993285092069575,0.9488573831547522,0.026990415988014622,5.844136384949088,3.7999838728023074,0.08858920055522704,-0.0008558358214133576,0.8364989081527551,17.95
full,drawn,4,35,5,5,-0.11980671280688665,-0.16999832601420917,32.725026635548176,14.019999999999746,6.95,0.47254660764347245,0.33292007004741975,0.008062746417708695,1.6432658467441796,1.0616458198598897,0.03687889197850811,-0.05436937431910719,0.7676542177738814,
goal-only,drawn,4,35,0,0,-0.19033049573388322,-0.043482688814040826,-113.49663953961064,13.569999999999755,1.84,1.369464312089135,0.03378544165529411,0.002254736766141529,0.18037894191841283,0.0,0.021385202708071104,-0.01447371078932468,0.7438579597634755,
goal-only,drawn,4,35,1,1,0.536004527671718,-0.08907576783745286,-110.20876239444814,14.999999999999725,43.97,0.6504713642309934,1.0860008405202015,0.12138381616328843,9.710705251693726,0.0,0.09883095714546648,0.008938772652691305,0.9455879303117933,18.4
goal-only,drawn,4,35,2,2,-0.19941807766593161,-0.2751324824690579,112.97796125580754,14.349999999999739,10.86,0.7038080556496926,0.2761996014810265,0.013816796213698884,1.1053436951587599,0.0,0.034703972861223974,-0.010130507203711024,0.7895580126007253,
goal-only,drawn,4,35,3,3,0.3174038294020318,-0.014724182086098103,-27.725692268078518,13.449999999999758,0.41,1.3132980029726995,0.09685646039729252,0.00017493225866928696,0.013994580606619516,0.0,0.027359004181167376,0.0003942508320402341,0.7364508426772788,
goal-only,drawn,4,35,4,4,0.4068861628658377,-0.18105349844072238,-87.86861814303862,0.0,,1.481180107525595,0.2104763020668633,0.03034282106663644,2.4274256859657664,0.0,0.03488416949205626,0.13898697638680443,0.0,18.73
goal-only,drawn,4,35,5,5,-0.11980671280688665,-0.16999832601420917,32.725026635548176,14.28999999999974,10.12,0.45676420544922064,0.21660828115652456,0.015953191998414697,1.276255361487468,0.0,0.02730242710658785,0.01110238770976818,0.7848310568951845,
feedback-only,drawn,4,35,0,0,-0.19033049573388322,-0.043482688814040826,-113.49663953961064,14.599999999999733,1.71,0.5819780305411641,0.6809882542327553,0.01940615274356484,3.1557697356740633,1.7312489077231537,0.07119822530094974,-0.03248111347629793,0.8015291584773376,
feedback-only,drawn,4,35,1,1,0.536004527671718,-0.08907576783745286,-110.20876239444814,0.0,,1.484652490761761,0.8281761525698376,0.027129383858969854,7.720650933844348,5.930573339872062,0.09198360766214413,0.1754951923668605,0.0,19.31
feedback-only,drawn,4,35,2,2,-0.19941807766593161,-0.2751324824690579,112.97796125580754,14.579999999999734,13.44,0.6277725202434404,0.6594982559202552,0.01894109481955335,3.387371200521787,2.0553938309848307,0.07187213120503397,-0.06643128205740416,0.8023829516566037,
feedback-only,drawn,4,35,3,3,0.3174038294020318,-0.014724182086098103,-27.725692268078518,13.449999999999758,0.41,1.2691556446835424,0.0897904551150055,0.00017770568529764812,0.019472810129324596,0.005256355392436187,0.02367385298718953,6.365711918012752e-05,0.7364510275146284,
feedback-only,drawn,4,35,4,4,0.4068861628658377,-0.18105349844072238,-87.86861814303862,0.0,,1.650035802286845,0.9403310909000377,0.027037214558654342,6.829614236578346,5.2047223640667895,0.10045855378251403,0.13898696615036504,0.0,19.12
feedback-only,drawn,4,35,5,5,-0.11980671280688665,-0.16999832601420917,32.725026635548176,14.039999999999745,7.18,0.45143927255111554,0.16276188916086254,0.005131978283607168,1.3197918222347895,0.912179429444174,0.028074207005878017,-0.02290457218091692,0.7689628156604037,
full,drawn,5,36,0,0,-0.19033049573388322,-0.043482688814040826,-113.49663953961064,13.569999999999755,1.81,1.3321834181656413,0.14642355836793655,0.0020212186636247983,0.3442020775874456,0.18250458559642235,0.02913928339043038,-0.012853121584528365,0.7438251784742729,
full,drawn,5,36,1,1,0.536004527671718,-0.08907576783745286,-110.20876239444814,14.599999999999733,13.72,0.5738162328957536,0.5863366184160583,0.013474004070691686,2.6114568318923315,1.6537135743598144,0.06143181656346809,0.0007444474323817108,0.8028594812548053,
full,drawn,5,36,2,2,-0.19941807766593161,-0.2751324824690579,112.97796125580754,14.31999999999974,10.43,0.5688808334860327,0.38341757058011083,0.0107248290242084,2.297462338656187,1.5163101619544128,0.04745730372741164,-0.014387343761945861,0.7863362813859258,
full,drawn,5,36,3,3,0.3174038294020318,-0.014724182086098103,-27.725692268078518,13.449999999999758,0.45,1.2982001467151847,0.05682680116957698,0.00017524277636160452,0.019109251002470653,0.005089829334368309,0.025976922228521496,-0.0007448156375666473,0.7358136500314388,
full,drawn,5,36,4,4,0.4068861628658377,-0.18105349844072238,-87.86861814303862,14.999999999999725,20.22,0.6170728640501076,0.9856557831488071,0.028397847862603763,6.23484222466747,4.136184332060317,0.09268023304457465,-0.005659333161441691,0.8352121261928973,18.09
full,drawn,5,36,5,5,-0.11980671280688665,-0.16999832601420917,32.725026635548176,14.009999999999746,6.98,0.5631455265804027,0.29071376602600274,0.007853153644052023,1.3311697062353294,0.7462695483413214,0.03699266075845582,-0.06032015985190743,0.7679040339564767,
goal-only,drawn,5,36,0,0,-0.19033049573388322,-0.043482688814040826,-113.49663953961064,13.569999999999755,1.82,1.3144624651640917,0.10864827046510646,0.0020854010879217334,0.16683208733797072,0.0,0.02694494058945067,-0.007242768879969722,0.7443125164884261,
goal-only,drawn,5,36,1,1,0.536004527671718,-0.08907576783745286,-110.20876239444814,0.0,,0.9044669889764677,2.4306383180942563,0.2136823073720249,17.09458459953467,0.0,0.20928439595216977,0.016836573899860617,0.0,18.24
goal-only,drawn,5,36,2,2,-0.19941807766593161,-0.2751324824690579,112.97796125580754,0.0,,0.885097130121224,1.4367356436610463,0.1360682788814059,10.885462282200654,0.0,0.1293705347489057,0.024012458060906232,0.0,18.32
goal-only,drawn,5,36,3,3,0.3174038294020318,-0.014724182086098103,-27.725692268078518,13.449999999999758,0.45,1.243636587931587,0.059171557216476815,0.00017524277636160452,0.014019422233104706,0.0,0.022738774851687193,0.0022441200523630554,0.7375469060056081,
goal-only,drawn,5,36,4,4,0.4068861628658377,-0.18105349844072238,-87.86861814303862,0.0,,1.5071549837478861,0.23892479937788816,0.022913532324528207,1.833082583961077,0.0,0.028989757041982204,0.1389834208994657,0.0,19.13
goal-only,drawn,5,36,5,5,-0.11980671280688665,-0.16999832601420917,32.725026635548176,14.999999999999725,36.29,0.7310941721183961,1.0096037376960867,0.08498800083897852,6.79904005891333,0.0,0.09408958136603005,-0.0029652872825478866,0.9099568588141786,18.3
feedback-only,drawn,5,36,0,0,-0.19033049573388322,-0.043482688814040826,-113.49663953961064,13.569999999999755,1.79,1.3348994252250879,0.15276194294342013,0.003211393504946803,0.44116566379865013,0.1885791945954164,0.03384562241054596,-0.013731309232359237,0.7443521836814739,
feedback-only,drawn,5,36,1,1,0.536004527671718,-0.08907576783745286,-110.20876239444814,0.0,,1.460459857264825,1.0492744703094279,0.028107784270774802,7.988125287741423,6.107316819342474,0.10154412590554256,0.17501555191242038,0.0,19.25
feedback-only,drawn,5,36,2,2,-0.19941807766593161,-0.2751324824690579,112.97796125580754,14.589999999999733,13.5,0.5765992729341167,0.7695426765836004,0.01953434865048621,3.9671029692888258,2.5134121414770685,0.07484373455524956,-0.08203812854693436,0.8017657762759216,
feedback-only,drawn,5,36,3,3,0.3174038294020318,-0.014724182086098103,-27.725692268078518,13.449999999999758,0.41,1.2904594562681908,0.13210693065145362,0.000177628214781483,0.01946430891752243,0.005254051101704438,0.028640442697119278,-0.0016191406898075997,0.7363691391507883,
feedback-only,drawn,5,36,4,4,0.4068861628658377,-0.18105349844072238,-87.86861814303862,0.0,,1.4980965898309222,1.3487818627567072,0.041260229985634854,10.78257664690415,8.097522932514549,0.1255986636132815,0.13898395900540436,0.0,18.82
feedback-only,drawn,5,36,5,5,-0.11980671280688665,-0.16999832601420917,32.725026635548176,14.039999999999745,7.31,0.4420948252549139,0.2009358179549588,0.005115616778105808,1.245627802213033,0.8572200307001671,0.025204255270803225,-0.03169395203955439,0.770365220560392,
