arm,starts,run,brain_seed,file,device_name,gpu,wall_s,variant,integral_gain,walking_goal,fed_rows,fed_fraction,mean_first_contact_s,mean_abs_dna_lr_hz,mean_path_m,mean_abs_turn,mean_abs_steer_input_hz,mean_abs_integral_hz,mean_abs_yaw_rad_s,checks
full,shipped,0,31,full_shipped_r0.json,NVIDIA B200,4,382.6,full,5.0,True,6.0,1.0,24.59166666666667,1.4821803813795142,0.5840201887098954,0.044810356727214944,7.260962775566926,4.175121458002056,0.13440702562878648,
goal-only,shipped,0,31,goal-only_shipped_r0.json,NVIDIA B200,5,423.8,goal-only,0.0,True,5.0,0.8333333333333334,29.374000000000002,0.6529731551415274,1.0432625430633604,0.056271270673201396,4.501701629545359,0.0,0.06735495520847933,
feedback-only,shipped,0,31,feedback-only_shipped_r0.json,NVIDIA B200,6,538.8,feedback-only,5.0,False,0.0,0.0,,1.9570325260160961,0.9026099219725762,0.06397549378463131,12.264973669675074,8.150750883253705,0.17555702415722962,
full,shipped,1,32,full_shipped_r1.json,NVIDIA B200,7,513.4,full,5.0,True,6.0,1.0,28.708333333333332,1.9607742577530487,0.7420677021752659,0.056666470318141364,9.147558284057306,5.115436737820402,0.17598474378037288,
goal-only,shipped,1,32,goal-only_shipped_r1.json,NVIDIA B200,4,421.0,goal-only,0.0,True,4.0,0.6666666666666666,27.585,0.4610352672427555,1.046654795255934,0.043628152653877296,3.4902522103115916,0.0,0.053838315092654354,
feedback-only,shipped,1,32,feedback-only_shipped_r1.json,NVIDIA B200,5,448.3,feedback-only,5.0,False,0.0,0.0,,2.06331186917426,0.915493969758073,0.06354717049914951,12.352225396444814,8.137513541825271,0.18291884988937154,
full,shipped,2,33,full_shipped_r2.json,NVIDIA B200,6,462.9,full,5.0,True,6.0,1.0,27.21333333333334,1.7139176596374386,0.6349119972823317,0.05257103015218995,8.340819028945019,4.681378795421138,0.15666736253986976,
goal-only,shipped,2,33,goal-only_shipped_r2.json,NVIDIA B200,7,532.2,goal-only,0.0,True,4.0,0.6666666666666666,37.9175,0.7597268162605051,0.9569921810526306,0.06624989952340855,5.299991936842793,0.0,0.07623635591575494,
feedback-only,shipped,2,33,feedback-only_shipped_r2.json,NVIDIA B200,4,538.0,feedback-only,5.0,False,0.0,0.0,,1.8395837784617912,1.02575425782869,0.057792044850903786,11.627840244509281,7.790892407000777,0.1670175562813262,
full,shipped,3,34,full_shipped_r3.json,NVIDIA B200,5,421.5,full,5.0,True,6.0,1.0,29.586666666666662,1.8352200047186533,0.6703206694954656,0.056052212350275826,8.948122527536212,5.032078101038157,0.16681018179960538,
goal-only,shipped,3,34,goal-only_shipped_r3.json,NVIDIA B200,6,516.5,goal-only,0.0,True,5.0,0.8333333333333334,33.782,0.6145944614531353,0.9193648595276017,0.0564520853182234,4.5161668123854986,0.0,0.06407555722337488,
feedback-only,shipped,3,34,feedback-only_shipped_r3.json,NVIDIA B200,7,537.2,feedback-only,5.0,False,1.0,0.16666666666666666,58.37,1.9863264834748293,0.9064568423628149,0.0643316842415556,12.407682130696871,8.323268903754393,0.17726180571378777,
full,shipped,4,35,full_shipped_r4.json,NVIDIA B200,4,534.5,full,5.0,True,6.0,1.0,29.466666666666665,2.0325106912911464,0.655745278392565,0.05930929347970959,9.073311477038596,4.835657246367643,0.1813834287969052,
goal-only,shipped,4,35,goal-only_shipped_r4.json,NVIDIA B200,5,372.4,goal-only,0.0,True,5.0,0.8333333333333334,30.383999999999997,0.6466650830935131,0.9254516887676828,0.054013179413304906,4.321054335901928,0.0,0.06799229021033316,
feedback-only,shipped,4,35,feedback-only_shipped_r4.json,NVIDIA B200,6,509.0,feedback-only,5.0,False,0.0,0.0,,1.968973216758673,0.9036505150832014,0.063590983656391,12.524090122534998,8.426431407115372,0.17772634031384582,
full,shipped,5,36,full_shipped_r5.json,NVIDIA B200,7,522.6,full,5.0,True,6.0,1.0,27.350000000000005,1.8359653120552697,0.6179993281164352,0.053326191173564186,8.428550168840836,4.636390252332849,0.16437021307825378,
goal-only,shipped,5,36,goal-only_shipped_r5.json,NVIDIA B200,4,516.8,goal-only,0.0,True,5.0,0.8333333333333334,32.028,0.6032812757257199,1.0387375001003916,0.05023642863048128,4.018914275055804,0.0,0.06277689297437651,
feedback-only,shipped,5,36,feedback-only_shipped_r5.json,NVIDIA B200,5,386.1,feedback-only,5.0,False,0.0,0.0,,2.0194961933468027,0.9173812538005451,0.06257107965140372,12.054191564052468,7.9697790042101415,0.17704436987634645,
full,drawn,0,31,full_drawn_r0.json,NVIDIA B200,4,429.5,full,5.0,True,6.0,1.0,11.093333333333334,0.46347383826319294,0.9925699519655001,0.012423783380468699,2.6275232800137664,1.7043161180749953,0.053007126130327216,
goal-only,drawn,0,31,goal-only_drawn_r0.json,NVIDIA B200,5,292.4,goal-only,0.0,True,5.0,0.8333333333333334,24.253999999999998,0.5131183586819229,1.0220422724152554,0.04960724036556611,3.9685792076346442,0.0,0.05611120137161174,
feedback-only,drawn,0,31,feedback-only_drawn_r0.json,NVIDIA B200,6,516.1,feedback-only,5.0,False,4.0,0.6666666666666666,5.65,0.5648558269905933,1.1436106591801725,0.01580865677944675,3.8427587774416643,2.7364635642936137,0.0651886512240359,
full,drawn,1,32,full_drawn_r1.json,NVIDIA B200,7,518.3,full,5.0,True,6.0,1.0,9.168333333333335,0.4778599788018925,0.69343330860093,0.013627717572590984,2.8833990272672643,1.8944577884593874,0.05519910843794538,
goal-only,drawn,1,32,goal-only_drawn_r1.json,NVIDIA B200,4,380.1,goal-only,0.0,True,5.0,0.8333333333333334,15.942000000000002,0.30496669481841293,0.9687604275319698,0.030354406889835237,2.4283525462427904,0.0,0.038916901901841716,
feedback-only,drawn,1,32,feedback-only_drawn_r1.json,NVIDIA B200,5,352.7,feedback-only,5.0,False,4.0,0.6666666666666666,8.5375,0.6325936162565006,0.992795124422654,0.018654641795116934,4.28249490963502,2.984150059395987,0.068668051477405,
full,drawn,2,33,full_drawn_r2.json,NVIDIA B200,6,530.8,full,5.0,True,6.0,1.0,11.836666666666668,0.6033962346289893,0.7543080352126116,0.016420252584753648,3.3346441777009104,2.1857532001002173,0.06392132311300665,
goal-only,drawn,2,33,goal-only_drawn_r2.json,NVIDIA B200,7,496.5,goal-only,0.0,True,4.0,0.6666666666666666,21.64,0.7709927550737311,1.095760216095988,0.06905672284466416,5.524537805557547,0.0,0.07786996297980614,
feedback-only,drawn,2,33,feedback-only_drawn_r2.json,NVIDIA B200,4,313.6,feedback-only,5.0,False,4.0,0.6666666666666666,5.61,0.5924788067633552,0.969726745681851,0.01731159834823403,3.8456478825646148,2.6483851511845002,0.06429796578667187,
full,drawn,3,34,full_drawn_r3.json,NVIDIA B200,5,346.2,full,5.0,True,6.0,1.0,9.046666666666667,0.49973357951590364,0.712769175275687,0.01342432279398862,2.864327477984544,1.888623907431805,0.05724341902941399,
goal-only,drawn,3,34,goal-only_drawn_r3.json,NVIDIA B200,6,476.9,goal-only,0.0,True,4.0,0.6666666666666666,15.002500000000001,0.6007294056957112,1.0892803046266513,0.053642354582649814,4.291388348895642,0.0,0.06384848361466261,
feedback-only,drawn,3,34,feedback-only_drawn_r3.json,NVIDIA B200,7,520.9,feedback-only,5.0,False,4.0,0.6666666666666666,5.73,0.6068428700704619,0.988963476317477,0.018040403890491285,4.533356881075435,3.331730819168087,0.06627014648478033,
full,drawn,4,35,full_drawn_r4.json,NVIDIA B200,4,286.0,full,5.0,True,6.0,1.0,9.166666666666666,0.3945309851403936,0.8076230839438646,0.009950977952741798,2.1810683937453565,1.4317377424868756,0.046067799939749306,
goal-only,drawn,4,35,goal-only_drawn_r4.json,NVIDIA B200,5,325.6,goal-only,0.0,True,5.0,0.8333333333333334,13.440000000000001,0.3199878212128671,0.9958310079862226,0.030654382411141545,2.452350586138459,0.0,0.04074428891576217,
feedback-only,drawn,4,35,feedback-only_drawn_r4.json,NVIDIA B200,6,135.1,feedback-only,5.0,False,4.0,0.6666666666666666,5.685,0.5602576829831256,1.0108389601779781,0.016303921658274535,3.73877845649711,2.6398957045805744,0.06454342965728489,
full,drawn,5,36,full_drawn_r5.json,NVIDIA B200,7,110.7,full,5.0,True,6.0,1.0,8.935,0.4082290162847488,0.8255498369821871,0.010441049340257046,2.139707071673539,1.373345338607776,0.04894636995214368,
goal-only,drawn,5,36,goal-only_drawn_r5.json,NVIDIA B200,4,269.4,goal-only,0.0,True,3.0,0.5,12.853333333333333,0.8806203877518102,1.0976520546766089,0.07665212721353681,6.132170172363467,0.0,0.08523633075837093,
feedback-only,drawn,5,36,feedback-only_drawn_r5.json,NVIDIA B200,5,319.6,feedback-only,5.0,False,4.0,0.6666666666666666,5.7524999999999995,0.6089006168665947,1.1004349044630095,0.01623450023412166,4.074010446477268,2.9615508616218964,0.06494614074209035,
