record,matched_source_files
raw_s10,51
raw_s11,51
raw_s12,51
raw_s13,51
raw_s14,51
raw_s15,51
instrumented_s10,51
instrumented_s11,51
instrumented_s12,51
instrumented_s13,51
instrumented_s14,51
instrumented_s15,51
suite_raw_s0:0,51
suite_raw_s0:1,51
suite_raw_s0:2,51
suite_raw_s0:3,51
suite_raw_s0:4,51
suite_raw_s0:5,51
suite_raw_s0:6,51
suite_raw_s0:7,51
suite_raw_s0:8,51
suite_raw_s0:9,51
suite_raw_s0:10,51
suite_raw_s0:11,51
suite_raw_s0:12,51
suite_instrumented_s0:0,51
suite_instrumented_s0:1,51
suite_instrumented_s0:2,51
suite_instrumented_s0:3,51
suite_instrumented_s0:4,51
suite_instrumented_s0:5,51
suite_instrumented_s0:6,51
suite_instrumented_s0:7,51
suite_instrumented_s0:8,51
suite_instrumented_s0:9,51
suite_instrumented_s0:10,51
suite_instrumented_s0:11,51
suite_instrumented_s0:12,51
suite_instrumented_s0:13,51
suite_instrumented_s0:14,51
suite_instrumented_s0:15,51
suite_instrumented_s0:16,51
suite_instrumented_s0:17,51
suite_instrumented_s0:18,51
suite_raw_s1:0,51
suite_raw_s1:1,51
suite_raw_s1:2,51
suite_raw_s1:3,51
suite_raw_s1:4,51
suite_raw_s1:5,51
suite_raw_s1:6,51
suite_raw_s1:7,51
suite_raw_s1:8,51
suite_raw_s1:9,51
suite_raw_s1:10,51
suite_raw_s1:11,51
suite_raw_s1:12,51
suite_instrumented_s1:0,51
suite_instrumented_s1:1,51
suite_instrumented_s1:2,51
suite_instrumented_s1:3,51
suite_instrumented_s1:4,51
suite_instrumented_s1:5,51
suite_instrumented_s1:6,51
suite_instrumented_s1:7,51
suite_instrumented_s1:8,51
suite_instrumented_s1:9,51
suite_instrumented_s1:10,51
suite_instrumented_s1:11,51
suite_instrumented_s1:12,51
suite_instrumented_s1:13,51
suite_instrumented_s1:14,51
suite_instrumented_s1:15,51
suite_instrumented_s1:16,51
suite_instrumented_s1:17,51
suite_instrumented_s1:18,51
suite_raw_s2:0,51
suite_raw_s2:1,51
suite_raw_s2:2,51
suite_raw_s2:3,51
suite_raw_s2:4,51
suite_raw_s2:5,51
suite_raw_s2:6,51
suite_raw_s2:7,51
suite_raw_s2:8,51
suite_raw_s2:9,51
suite_raw_s2:10,51
suite_raw_s2:11,51
suite_raw_s2:12,51
suite_instrumented_s2:0,51
suite_instrumented_s2:1,51
suite_instrumented_s2:2,51
suite_instrumented_s2:3,51
suite_instrumented_s2:4,51
suite_instrumented_s2:5,51
suite_instrumented_s2:6,51
suite_instrumented_s2:7,51
suite_instrumented_s2:8,51
suite_instrumented_s2:9,51
suite_instrumented_s2:10,51
suite_instrumented_s2:11,51
suite_instrumented_s2:12,51
suite_instrumented_s2:13,51
suite_instrumented_s2:14,51
suite_instrumented_s2:15,51
suite_instrumented_s2:16,51
suite_instrumented_s2:17,51
suite_instrumented_s2:18,51
room_raw,51
room_instrumented,51
profile:0,51
profile:1,51
profile:2,51
profile:3,51
profile:4,51
profile:5,51
