arm,key,seeds,files,run_ids,values,mean,sd,n
S,survival_s,"0,1,2,3,4,5","S_s0.json,S_s1.json,S_s2.json,S_s3.json,S_s4.json,S_s5.json","S_s0.json#0,S_s1.json#0,S_s2.json#0,S_s3.json#0,S_s4.json#0,S_s5.json#0","0.0000,0.0000,0.0000,0.0000,0.0000,0.0000",0.0,0.0,6
S,bump_hz_post,"0,1,2,3,4,5","S_s0.json,S_s1.json,S_s2.json,S_s3.json,S_s4.json,S_s5.json","S_s0.json#0,S_s1.json#0,S_s2.json#0,S_s3.json#0,S_s4.json#0,S_s5.json#0","nan,nan,nan,nan,nan,nan",,,0
S,width_half_post,"0,1,2,3,4,5","S_s0.json,S_s1.json,S_s2.json,S_s3.json,S_s4.json,S_s5.json","S_s0.json#0,S_s1.json#0,S_s2.json#0,S_s3.json#0,S_s4.json#0,S_s5.json#0","nan,nan,nan,nan,nan,nan",,,0
S,frac_confined_post,"0,1,2,3,4,5","S_s0.json,S_s1.json,S_s2.json,S_s3.json,S_s4.json,S_s5.json","S_s0.json#0,S_s1.json#0,S_s2.json#0,S_s3.json#0,S_s4.json#0,S_s5.json#0","0.0000,0.0000,0.0000,0.0000,0.0000,0.0000",0.0,0.0,6
S,bump_follow_wedges_per_s,"0,1,2,3,4,5","S_s0.json,S_s1.json,S_s2.json,S_s3.json,S_s4.json,S_s5.json","S_s0.json#0,S_s1.json#0,S_s2.json#0,S_s3.json#0,S_s4.json#0,S_s5.json#0","6.9645,2.2765,2.2605,-1.5170,2.8487,2.8004",2.605608579784566,2.6951967090500455,6
S,bump_follow_confined_frac,"0,1,2,3,4,5","S_s0.json,S_s1.json,S_s2.json,S_s3.json,S_s4.json,S_s5.json","S_s0.json#0,S_s1.json#0,S_s2.json#0,S_s3.json#0,S_s4.json#0,S_s5.json#0","0.0000,0.0000,0.0000,0.0000,0.0000,0.0000",0.0,0.0,6
S,bump_follow_ideal_wedges_per_s,"0,1,2,3,4,5","S_s0.json,S_s1.json,S_s2.json,S_s3.json,S_s4.json,S_s5.json","S_s0.json#0,S_s1.json#0,S_s2.json#0,S_s3.json#0,S_s4.json#0,S_s5.json#0","4.0000,4.0000,4.0000,4.0000,4.0000,4.0000",4.0,0.0,6
S,GLNO_LR_hz,"0,1,2,3,4,5","S_s0.json,S_s1.json,S_s2.json,S_s3.json,S_s4.json,S_s5.json","S_s0.json#0,S_s1.json#0,S_s2.json#0,S_s3.json#0,S_s4.json#0,S_s5.json#0","-0.0018,-0.0014,0.0015,0.0003,0.0002,0.0010",-2.9101650094768654e-05,0.0013269025140414804,6
S,PEN_LR_hz,"0,1,2,3,4,5","S_s0.json,S_s1.json,S_s2.json,S_s3.json,S_s4.json,S_s5.json","S_s0.json#0,S_s1.json#0,S_s2.json#0,S_s3.json#0,S_s4.json#0,S_s5.json#0","0.0322,0.0002,0.0393,0.0333,0.0001,-0.0041",0.016838074660578666,0.020026111526082375,6
S,DNa02_LR_hz,"0,1,2,3,4,5","S_s0.json,S_s1.json,S_s2.json,S_s3.json,S_s4.json,S_s5.json","S_s0.json#0,S_s1.json#0,S_s2.json#0,S_s3.json#0,S_s4.json#0,S_s5.json#0","0.0000,0.0000,0.0000,0.0000,0.0000,0.0000",0.0,0.0,6
S,PS196b_LR_hz,"0,1,2,3,4,5","S_s0.json,S_s1.json,S_s2.json,S_s3.json,S_s4.json,S_s5.json","S_s0.json#0,S_s1.json#0,S_s2.json#0,S_s3.json#0,S_s4.json#0,S_s5.json#0","0.0000,0.0000,0.0000,0.0000,0.0000,0.0000",0.0,0.0,6
S,AFF_LR_hz,"0,1,2,3,4,5","S_s0.json,S_s1.json,S_s2.json,S_s3.json,S_s4.json,S_s5.json","S_s0.json#0,S_s1.json#0,S_s2.json#0,S_s3.json#0,S_s4.json#0,S_s5.json#0","nan,nan,nan,nan,nan,nan",,,0
S,GLNO_LR_hz_rest,"0,1,2,3,4,5","S_s0.json,S_s1.json,S_s2.json,S_s3.json,S_s4.json,S_s5.json","S_s0.json#0,S_s1.json#0,S_s2.json#0,S_s3.json#0,S_s4.json#0,S_s5.json#0","-0.0000,-0.0000,0.0000,0.0000,0.0000,0.0000",-5.442470684785856e-18,2.483120735067404e-16,6
S,PEN_LR_hz_rest,"0,1,2,3,4,5","S_s0.json,S_s1.json,S_s2.json,S_s3.json,S_s4.json,S_s5.json","S_s0.json#0,S_s1.json#0,S_s2.json#0,S_s3.json#0,S_s4.json#0,S_s5.json#0","-0.0003,0.0000,0.0202,0.0000,0.0000,-0.0000",0.00331596735244343,0.008263983537717989,6
S,PEN_mean_post,"0,1,2,3,4,5","S_s0.json,S_s1.json,S_s2.json,S_s3.json,S_s4.json,S_s5.json","S_s0.json#0,S_s1.json#0,S_s2.json#0,S_s3.json#0,S_s4.json#0,S_s5.json#0","0.0362,0.0203,0.0619,0.0474,0.0094,0.0229",0.03300792615239819,0.019357462720344165,6
S,GLNO_mean_post,"0,1,2,3,4,5","S_s0.json,S_s1.json,S_s2.json,S_s3.json,S_s4.json,S_s5.json","S_s0.json#0,S_s1.json#0,S_s2.json#0,S_s3.json#0,S_s4.json#0,S_s5.json#0","0.0814,0.1115,0.3348,0.0881,0.0120,0.0465",0.1123716199460129,0.11439837401658662,6
S,PS196b_L_hz_turn,"0,1,2,3,4,5","S_s0.json,S_s1.json,S_s2.json,S_s3.json,S_s4.json,S_s5.json","S_s0.json#0,S_s1.json#0,S_s2.json#0,S_s3.json#0,S_s4.json#0,S_s5.json#0","0.0000,0.0000,0.0000,0.0000,0.0000,0.0000",0.0,0.0,6
S,PS196b_R_hz_turn,"0,1,2,3,4,5","S_s0.json,S_s1.json,S_s2.json,S_s3.json,S_s4.json,S_s5.json","S_s0.json#0,S_s1.json#0,S_s2.json#0,S_s3.json#0,S_s4.json#0,S_s5.json#0","0.0000,0.0000,0.0000,0.0000,0.0000,0.0000",0.0,0.0,6
S,epg_in_mean_post,"0,1,2,3,4,5","S_s0.json,S_s1.json,S_s2.json,S_s3.json,S_s4.json,S_s5.json","S_s0.json#0,S_s1.json#0,S_s2.json#0,S_s3.json#0,S_s4.json#0,S_s5.json#0","10.1509,10.3898,10.7638,10.1677,10.7101,11.3695",10.591949621836344,0.4611730564185931,6
S,epg_out_mean_post,"0,1,2,3,4,5","S_s0.json,S_s1.json,S_s2.json,S_s3.json,S_s4.json,S_s5.json","S_s0.json#0,S_s1.json#0,S_s2.json#0,S_s3.json#0,S_s4.json#0,S_s5.json#0","9.6129,9.9211,9.7743,9.9128,9.9109,9.6452",9.796207904815674,0.14088129844167369,6
S,vs_post_all,"0,1,2,3,4,5","S_s0.json,S_s1.json,S_s2.json,S_s3.json,S_s4.json,S_s5.json","S_s0.json#0,S_s1.json#0,S_s2.json#0,S_s3.json#0,S_s4.json#0,S_s5.json#0","0.1037,0.1001,0.1152,0.1050,0.1025,0.1047",0.10520814215975482,0.005218688672915905,6
S,GLNO_L_hz_turn,"0,1,2,3,4,5","S_s0.json,S_s1.json,S_s2.json,S_s3.json,S_s4.json,S_s5.json","S_s0.json#0,S_s1.json#0,S_s2.json#0,S_s3.json#0,S_s4.json#0,S_s5.json#0","0.0000,0.0005,0.1101,0.0011,0.0002,0.0010",0.018844970908456087,0.04471107409493916,6
S,GLNO_R_hz_turn,"0,1,2,3,4,5","S_s0.json,S_s1.json,S_s2.json,S_s3.json,S_s4.json,S_s5.json","S_s0.json#0,S_s1.json#0,S_s2.json#0,S_s3.json#0,S_s4.json#0,S_s5.json#0","0.0018,0.0020,0.1086,0.0008,0.0000,0.0000",0.0188740715413284,0.043956592948831016,6
S,PEN_L_hz_turn,"0,1,2,3,4,5","S_s0.json,S_s1.json,S_s2.json,S_s3.json,S_s4.json,S_s5.json","S_s0.json#0,S_s1.json#0,S_s2.json#0,S_s3.json#0,S_s4.json#0,S_s5.json#0","0.0323,0.0003,0.0591,0.0659,0.0001,0.0002",0.02632876990780157,0.030704671757498973,6
S,PEN_R_hz_turn,"0,1,2,3,4,5","S_s0.json,S_s1.json,S_s2.json,S_s3.json,S_s4.json,S_s5.json","S_s0.json#0,S_s1.json#0,S_s2.json#0,S_s3.json#0,S_s4.json#0,S_s5.json#0","0.0001,0.0001,0.0198,0.0326,0.0001,0.0043",0.009490695287240669,0.013639485257177989,6
S,DNa02_L_hz_turn,"0,1,2,3,4,5","S_s0.json,S_s1.json,S_s2.json,S_s3.json,S_s4.json,S_s5.json","S_s0.json#0,S_s1.json#0,S_s2.json#0,S_s3.json#0,S_s4.json#0,S_s5.json#0","0.0000,0.0000,0.0000,0.0000,0.0000,0.0000",0.0,0.0,6
S,DNa02_R_hz_turn,"0,1,2,3,4,5","S_s0.json,S_s1.json,S_s2.json,S_s3.json,S_s4.json,S_s5.json","S_s0.json#0,S_s1.json#0,S_s2.json#0,S_s3.json#0,S_s4.json#0,S_s5.json#0","0.0000,0.0000,0.0000,0.0000,0.0000,0.0000",0.0,0.0,6
S,AFF_L_hz_turn,"0,1,2,3,4,5","S_s0.json,S_s1.json,S_s2.json,S_s3.json,S_s4.json,S_s5.json","S_s0.json#0,S_s1.json#0,S_s2.json#0,S_s3.json#0,S_s4.json#0,S_s5.json#0","nan,nan,nan,nan,nan,nan",,,0
S,AFF_R_hz_turn,"0,1,2,3,4,5","S_s0.json,S_s1.json,S_s2.json,S_s3.json,S_s4.json,S_s5.json","S_s0.json#0,S_s1.json#0,S_s2.json#0,S_s3.json#0,S_s4.json#0,S_s5.json#0","nan,nan,nan,nan,nan,nan",,,0
S,ExR6_mean_pre,"0,1,2,3,4,5","S_s0.json,S_s1.json,S_s2.json,S_s3.json,S_s4.json,S_s5.json","S_s0.json#0,S_s1.json#0,S_s2.json#0,S_s3.json#0,S_s4.json#0,S_s5.json#0","43.7379,45.3444,42.1818,47.8920,46.6033,43.0856",44.807512283325195,2.192279906789913,6
S,ExR6_mean_during,"0,1,2,3,4,5","S_s0.json,S_s1.json,S_s2.json,S_s3.json,S_s4.json,S_s5.json","S_s0.json#0,S_s1.json#0,S_s2.json#0,S_s3.json#0,S_s4.json#0,S_s5.json#0","85.4781,85.9230,88.0208,83.8503,82.0473,84.8784",85.03297297159831,2.01266107141052,6
S,ExR6_mean_post,"0,1,2,3,4,5","S_s0.json,S_s1.json,S_s2.json,S_s3.json,S_s4.json,S_s5.json","S_s0.json#0,S_s1.json#0,S_s2.json#0,S_s3.json#0,S_s4.json#0,S_s5.json#0","41.3201,42.6195,42.5055,42.3601,42.8124,42.9217",42.42321904500326,0.5772257636415636,6
S,ER6_mean_pre,"0,1,2,3,4,5","S_s0.json,S_s1.json,S_s2.json,S_s3.json,S_s4.json,S_s5.json","S_s0.json#0,S_s1.json#0,S_s2.json#0,S_s3.json#0,S_s4.json#0,S_s5.json#0","23.7748,25.5536,23.3792,27.4446,26.0716,24.4437",25.11123243967692,1.5358610770719494,6
S,ER6_mean_during,"0,1,2,3,4,5","S_s0.json,S_s1.json,S_s2.json,S_s3.json,S_s4.json,S_s5.json","S_s0.json#0,S_s1.json#0,S_s2.json#0,S_s3.json#0,S_s4.json#0,S_s5.json#0","52.3325,52.9797,53.0667,51.2811,49.7822,51.9309",51.89552879333496,1.2315088883677103,6
S,ER6_mean_post,"0,1,2,3,4,5","S_s0.json,S_s1.json,S_s2.json,S_s3.json,S_s4.json,S_s5.json","S_s0.json#0,S_s1.json#0,S_s2.json#0,S_s3.json#0,S_s4.json#0,S_s5.json#0","23.0874,23.2556,23.6778,23.3903,23.9240,24.0087",23.557307879130047,0.37213631783396944,6
S,ER4m_mean_pre,"0,1,2,3,4,5","S_s0.json,S_s1.json,S_s2.json,S_s3.json,S_s4.json,S_s5.json","S_s0.json#0,S_s1.json#0,S_s2.json#0,S_s3.json#0,S_s4.json#0,S_s5.json#0","2.5101,2.7512,2.3310,3.6510,3.1330,2.3862",2.793740709622701,0.5123410432446291,6
S,ER4m_mean_during,"0,1,2,3,4,5","S_s0.json,S_s1.json,S_s2.json,S_s3.json,S_s4.json,S_s5.json","S_s0.json#0,S_s1.json#0,S_s2.json#0,S_s3.json#0,S_s4.json#0,S_s5.json#0","11.8569,12.3013,12.7174,11.1946,10.8904,11.5263",11.747798283894857,0.6853893072071211,6
S,ER4m_mean_post,"0,1,2,3,4,5","S_s0.json,S_s1.json,S_s2.json,S_s3.json,S_s4.json,S_s5.json","S_s0.json#0,S_s1.json#0,S_s2.json#0,S_s3.json#0,S_s4.json#0,S_s5.json#0","2.4457,2.6509,2.7222,2.5920,2.8581,2.8639",2.6887847185134888,0.16146505374400372,6
V-,survival_s,"0,1,2,3,4,5","V-_s0.json,V-_s1.json,V-_s2.json,V-_s3.json,V-_s4.json,V-_s5.json","V-_s0.json#0,V-_s1.json#0,V-_s2.json#0,V-_s3.json#0,V-_s4.json#0,V-_s5.json#0","0.0000,0.0000,0.0000,0.0000,0.0000,0.0000",0.0,0.0,6
V-,bump_hz_post,"0,1,2,3,4,5","V-_s0.json,V-_s1.json,V-_s2.json,V-_s3.json,V-_s4.json,V-_s5.json","V-_s0.json#0,V-_s1.json#0,V-_s2.json#0,V-_s3.json#0,V-_s4.json#0,V-_s5.json#0","nan,nan,nan,nan,nan,nan",,,0
V-,width_half_post,"0,1,2,3,4,5","V-_s0.json,V-_s1.json,V-_s2.json,V-_s3.json,V-_s4.json,V-_s5.json","V-_s0.json#0,V-_s1.json#0,V-_s2.json#0,V-_s3.json#0,V-_s4.json#0,V-_s5.json#0","nan,nan,nan,nan,nan,nan",,,0
V-,frac_confined_post,"0,1,2,3,4,5","V-_s0.json,V-_s1.json,V-_s2.json,V-_s3.json,V-_s4.json,V-_s5.json","V-_s0.json#0,V-_s1.json#0,V-_s2.json#0,V-_s3.json#0,V-_s4.json#0,V-_s5.json#0","0.0000,0.0000,0.0000,0.0000,0.0000,0.0000",0.0,0.0,6
V-,bump_follow_wedges_per_s,"0,1,2,3,4,5","V-_s0.json,V-_s1.json,V-_s2.json,V-_s3.json,V-_s4.json,V-_s5.json","V-_s0.json#0,V-_s1.json#0,V-_s2.json#0,V-_s3.json#0,V-_s4.json#0,V-_s5.json#0","6.9645,2.2765,2.2636,-1.5170,2.8487,2.8021",2.6064024176141714,2.6951443521337843,6
V-,bump_follow_confined_frac,"0,1,2,3,4,5","V-_s0.json,V-_s1.json,V-_s2.json,V-_s3.json,V-_s4.json,V-_s5.json","V-_s0.json#0,V-_s1.json#0,V-_s2.json#0,V-_s3.json#0,V-_s4.json#0,V-_s5.json#0","0.0000,0.0000,0.0000,0.0000,0.0000,0.0000",0.0,0.0,6
V-,bump_follow_ideal_wedges_per_s,"0,1,2,3,4,5","V-_s0.json,V-_s1.json,V-_s2.json,V-_s3.json,V-_s4.json,V-_s5.json","V-_s0.json#0,V-_s1.json#0,V-_s2.json#0,V-_s3.json#0,V-_s4.json#0,V-_s5.json#0","4.0000,4.0000,4.0000,4.0000,4.0000,4.0000",4.0,0.0,6
V-,GLNO_LR_hz,"0,1,2,3,4,5","V-_s0.json,V-_s1.json,V-_s2.json,V-_s3.json,V-_s4.json,V-_s5.json","V-_s0.json#0,V-_s1.json#0,V-_s2.json#0,V-_s3.json#0,V-_s4.json#0,V-_s5.json#0","-1.4627,-1.7747,-2.3811,-2.1203,-3.1658,-1.4946",-2.066537360350291,0.6460994372211185,6
V-,PEN_LR_hz,"0,1,2,3,4,5","V-_s0.json,V-_s1.json,V-_s2.json,V-_s3.json,V-_s4.json,V-_s5.json","V-_s0.json#0,V-_s1.json#0,V-_s2.json#0,V-_s3.json#0,V-_s4.json#0,V-_s5.json#0","0.0466,0.0002,0.0852,0.0325,0.0153,0.0110",0.0317914061039725,0.030882042867518864,6
V-,DNa02_LR_hz,"0,1,2,3,4,5","V-_s0.json,V-_s1.json,V-_s2.json,V-_s3.json,V-_s4.json,V-_s5.json","V-_s0.json#0,V-_s1.json#0,V-_s2.json#0,V-_s3.json#0,V-_s4.json#0,V-_s5.json#0","0.0000,0.0000,0.0000,0.0000,0.0000,0.0000",0.0,0.0,6
V-,PS196b_LR_hz,"0,1,2,3,4,5","V-_s0.json,V-_s1.json,V-_s2.json,V-_s3.json,V-_s4.json,V-_s5.json","V-_s0.json#0,V-_s1.json#0,V-_s2.json#0,V-_s3.json#0,V-_s4.json#0,V-_s5.json#0","18.1393,16.9619,17.8107,18.3575,18.9468,17.8204",18.006098747253418,0.6616768086963812,6
V-,AFF_LR_hz,"0,1,2,3,4,5","V-_s0.json,V-_s1.json,V-_s2.json,V-_s3.json,V-_s4.json,V-_s5.json","V-_s0.json#0,V-_s1.json#0,V-_s2.json#0,V-_s3.json#0,V-_s4.json#0,V-_s5.json#0","-44.6523,-41.9164,-42.5673,-44.9742,-47.0013,-44.4152",-44.254425684611,1.8198948629490928,6
V-,GLNO_LR_hz_rest,"0,1,2,3,4,5","V-_s0.json,V-_s1.json,V-_s2.json,V-_s3.json,V-_s4.json,V-_s5.json","V-_s0.json#0,V-_s1.json#0,V-_s2.json#0,V-_s3.json#0,V-_s4.json#0,V-_s5.json#0","-0.0489,-0.0809,-0.2539,-0.0028,-0.1299,-0.0014",-0.08630856780412917,0.09549178931191588,6
V-,PEN_LR_hz_rest,"0,1,2,3,4,5","V-_s0.json,V-_s1.json,V-_s2.json,V-_s3.json,V-_s4.json,V-_s5.json","V-_s0.json#0,V-_s1.json#0,V-_s2.json#0,V-_s3.json#0,V-_s4.json#0,V-_s5.json#0","0.0313,0.0271,0.0209,0.0313,0.0001,0.0000",0.01846544243417725,0.014769097476322065,6
V-,PEN_mean_post,"0,1,2,3,4,5","V-_s0.json,V-_s1.json,V-_s2.json,V-_s3.json,V-_s4.json,V-_s5.json","V-_s0.json#0,V-_s1.json#0,V-_s2.json#0,V-_s3.json#0,V-_s4.json#0,V-_s5.json#0","0.0359,0.0243,0.1043,0.0324,0.0140,0.0373",0.04137515788897872,0.032037319413974315,6
V-,GLNO_mean_post,"0,1,2,3,4,5","V-_s0.json,V-_s1.json,V-_s2.json,V-_s3.json,V-_s4.json,V-_s5.json","V-_s0.json#0,V-_s1.json#0,V-_s2.json#0,V-_s3.json#0,V-_s4.json#0,V-_s5.json#0","0.5270,0.6556,1.0877,0.7247,0.9812,0.4954",0.7452703714370728,0.2414311347629547,6
V-,PS196b_L_hz_turn,"0,1,2,3,4,5","V-_s0.json,V-_s1.json,V-_s2.json,V-_s3.json,V-_s4.json,V-_s5.json","V-_s0.json#0,V-_s1.json#0,V-_s2.json#0,V-_s3.json#0,V-_s4.json#0,V-_s5.json#0","18.1393,16.9619,17.8107,18.3575,18.9468,17.8204",18.006098747253418,0.6616768086963812,6
V-,PS196b_R_hz_turn,"0,1,2,3,4,5","V-_s0.json,V-_s1.json,V-_s2.json,V-_s3.json,V-_s4.json,V-_s5.json","V-_s0.json#0,V-_s1.json#0,V-_s2.json#0,V-_s3.json#0,V-_s4.json#0,V-_s5.json#0","0.0000,0.0000,0.0000,0.0000,0.0000,0.0000",0.0,0.0,6
V-,epg_in_mean_post,"0,1,2,3,4,5","V-_s0.json,V-_s1.json,V-_s2.json,V-_s3.json,V-_s4.json,V-_s5.json","V-_s0.json#0,V-_s1.json#0,V-_s2.json#0,V-_s3.json#0,V-_s4.json#0,V-_s5.json#0","10.1509,10.3898,10.7638,10.1677,10.7101,11.5120",10.615703264872232,0.5102852731587321,6
V-,epg_out_mean_post,"0,1,2,3,4,5","V-_s0.json,V-_s1.json,V-_s2.json,V-_s3.json,V-_s4.json,V-_s5.json","V-_s0.json#0,V-_s1.json#0,V-_s2.json#0,V-_s3.json#0,V-_s4.json#0,V-_s5.json#0","9.6070,9.9211,9.8461,9.9128,9.9109,9.6565",9.809078057607016,0.14081446442046297,6
V-,vs_post_all,"0,1,2,3,4,5","V-_s0.json,V-_s1.json,V-_s2.json,V-_s3.json,V-_s4.json,V-_s5.json","V-_s0.json#0,V-_s1.json#0,V-_s2.json#0,V-_s3.json#0,V-_s4.json#0,V-_s5.json#0","0.1039,0.1001,0.1179,0.1050,0.1025,0.1060",0.10591471280750804,0.0062163741741991085,6
V-,GLNO_L_hz_turn,"0,1,2,3,4,5","V-_s0.json,V-_s1.json,V-_s2.json,V-_s3.json,V-_s4.json,V-_s5.json","V-_s0.json#0,V-_s1.json#0,V-_s2.json#0,V-_s3.json#0,V-_s4.json#0,V-_s5.json#0","0.0000,0.0005,0.1101,0.0011,0.0002,0.0010",0.018844970908456087,0.04471107409493916,6
V-,GLNO_R_hz_turn,"0,1,2,3,4,5","V-_s0.json,V-_s1.json,V-_s2.json,V-_s3.json,V-_s4.json,V-_s5.json","V-_s0.json#0,V-_s1.json#0,V-_s2.json#0,V-_s3.json#0,V-_s4.json#0,V-_s5.json#0","1.4627,1.7752,2.4912,2.1214,3.1661,1.4956",2.085382342338562,0.6581217351716175,6
V-,PEN_L_hz_turn,"0,1,2,3,4,5","V-_s0.json,V-_s1.json,V-_s2.json,V-_s3.json,V-_s4.json,V-_s5.json","V-_s0.json#0,V-_s1.json#0,V-_s2.json#0,V-_s3.json#0,V-_s4.json#0,V-_s5.json#0","0.0467,0.0003,0.1526,0.0326,0.0154,0.0317",0.04655905678130997,0.05433864441858926,6
V-,PEN_R_hz_turn,"0,1,2,3,4,5","V-_s0.json,V-_s1.json,V-_s2.json,V-_s3.json,V-_s4.json,V-_s5.json","V-_s0.json#0,V-_s1.json#0,V-_s2.json#0,V-_s3.json#0,V-_s4.json#0,V-_s5.json#0","0.0001,0.0001,0.0674,0.0001,0.0001,0.0208",0.014767651020520134,0.027085537572440296,6
V-,DNa02_L_hz_turn,"0,1,2,3,4,5","V-_s0.json,V-_s1.json,V-_s2.json,V-_s3.json,V-_s4.json,V-_s5.json","V-_s0.json#0,V-_s1.json#0,V-_s2.json#0,V-_s3.json#0,V-_s4.json#0,V-_s5.json#0","0.0000,0.0000,0.0000,0.0000,0.0000,0.0000",0.0,0.0,6
V-,DNa02_R_hz_turn,"0,1,2,3,4,5","V-_s0.json,V-_s1.json,V-_s2.json,V-_s3.json,V-_s4.json,V-_s5.json","V-_s0.json#0,V-_s1.json#0,V-_s2.json#0,V-_s3.json#0,V-_s4.json#0,V-_s5.json#0","0.0000,0.0000,0.0000,0.0000,0.0000,0.0000",0.0,0.0,6
V-,AFF_L_hz_turn,"0,1,2,3,4,5","V-_s0.json,V-_s1.json,V-_s2.json,V-_s3.json,V-_s4.json,V-_s5.json","V-_s0.json#0,V-_s1.json#0,V-_s2.json#0,V-_s3.json#0,V-_s4.json#0,V-_s5.json#0","0.0000,0.0000,0.0000,0.0000,0.0000,0.0000",0.0,0.0,6
V-,AFF_R_hz_turn,"0,1,2,3,4,5","V-_s0.json,V-_s1.json,V-_s2.json,V-_s3.json,V-_s4.json,V-_s5.json","V-_s0.json#0,V-_s1.json#0,V-_s2.json#0,V-_s3.json#0,V-_s4.json#0,V-_s5.json#0","44.6523,41.9164,42.5673,44.9742,47.0013,44.4152",44.254425684611,1.8198948629490928,6
V-,ExR6_mean_pre,"0,1,2,3,4,5","V-_s0.json,V-_s1.json,V-_s2.json,V-_s3.json,V-_s4.json,V-_s5.json","V-_s0.json#0,V-_s1.json#0,V-_s2.json#0,V-_s3.json#0,V-_s4.json#0,V-_s5.json#0","43.7379,45.3444,42.1818,47.8920,46.6033,43.0856",44.807512283325195,2.192279906789913,6
V-,ExR6_mean_during,"0,1,2,3,4,5","V-_s0.json,V-_s1.json,V-_s2.json,V-_s3.json,V-_s4.json,V-_s5.json","V-_s0.json#0,V-_s1.json#0,V-_s2.json#0,V-_s3.json#0,V-_s4.json#0,V-_s5.json#0","85.4781,85.9230,88.0208,83.8503,82.0473,84.8784",85.03297297159831,2.01266107141052,6
V-,ExR6_mean_post,"0,1,2,3,4,5","V-_s0.json,V-_s1.json,V-_s2.json,V-_s3.json,V-_s4.json,V-_s5.json","V-_s0.json#0,V-_s1.json#0,V-_s2.json#0,V-_s3.json#0,V-_s4.json#0,V-_s5.json#0","41.1289,42.1670,42.4208,42.3550,42.1008,43.0388",42.20186805725098,0.6220033529577523,6
V-,ER6_mean_pre,"0,1,2,3,4,5","V-_s0.json,V-_s1.json,V-_s2.json,V-_s3.json,V-_s4.json,V-_s5.json","V-_s0.json#0,V-_s1.json#0,V-_s2.json#0,V-_s3.json#0,V-_s4.json#0,V-_s5.json#0","23.7748,25.5536,23.3792,27.4446,26.0716,24.4437",25.11123243967692,1.5358610770719494,6
V-,ER6_mean_during,"0,1,2,3,4,5","V-_s0.json,V-_s1.json,V-_s2.json,V-_s3.json,V-_s4.json,V-_s5.json","V-_s0.json#0,V-_s1.json#0,V-_s2.json#0,V-_s3.json#0,V-_s4.json#0,V-_s5.json#0","52.3325,52.9797,53.0667,51.2811,49.7822,51.9309",51.89552879333496,1.2315088883677103,6
V-,ER6_mean_post,"0,1,2,3,4,5","V-_s0.json,V-_s1.json,V-_s2.json,V-_s3.json,V-_s4.json,V-_s5.json","V-_s0.json#0,V-_s1.json#0,V-_s2.json#0,V-_s3.json#0,V-_s4.json#0,V-_s5.json#0","23.2968,23.1754,24.2496,23.6862,23.7871,24.1965",23.731938044230144,0.4445209382019974,6
V-,ER4m_mean_pre,"0,1,2,3,4,5","V-_s0.json,V-_s1.json,V-_s2.json,V-_s3.json,V-_s4.json,V-_s5.json","V-_s0.json#0,V-_s1.json#0,V-_s2.json#0,V-_s3.json#0,V-_s4.json#0,V-_s5.json#0","2.5101,2.7512,2.3310,3.6510,3.1330,2.3862",2.793740709622701,0.5123410432446291,6
V-,ER4m_mean_during,"0,1,2,3,4,5","V-_s0.json,V-_s1.json,V-_s2.json,V-_s3.json,V-_s4.json,V-_s5.json","V-_s0.json#0,V-_s1.json#0,V-_s2.json#0,V-_s3.json#0,V-_s4.json#0,V-_s5.json#0","11.8569,12.3013,12.7174,11.1946,10.8904,11.5263",11.747798283894857,0.6853893072071211,6
V-,ER4m_mean_post,"0,1,2,3,4,5","V-_s0.json,V-_s1.json,V-_s2.json,V-_s3.json,V-_s4.json,V-_s5.json","V-_s0.json#0,V-_s1.json#0,V-_s2.json#0,V-_s3.json#0,V-_s4.json#0,V-_s5.json#0","2.4346,2.7173,2.8276,2.5951,2.9234,2.9356",2.7389516035715737,0.19717076611914472,6
V,survival_s,"0,1,2,3,4,5","V_s0.json,V_s1.json,V_s2.json,V_s3.json,V_s4.json,V_s5.json","V_s0.json#0,V_s1.json#0,V_s2.json#0,V_s3.json#0,V_s4.json#0,V_s5.json#0","0.0000,0.0000,0.0000,0.0000,0.0000,0.0000",0.0,0.0,6
V,bump_hz_post,"0,1,2,3,4,5","V_s0.json,V_s1.json,V_s2.json,V_s3.json,V_s4.json,V_s5.json","V_s0.json#0,V_s1.json#0,V_s2.json#0,V_s3.json#0,V_s4.json#0,V_s5.json#0","nan,nan,nan,nan,nan,nan",,,0
V,width_half_post,"0,1,2,3,4,5","V_s0.json,V_s1.json,V_s2.json,V_s3.json,V_s4.json,V_s5.json","V_s0.json#0,V_s1.json#0,V_s2.json#0,V_s3.json#0,V_s4.json#0,V_s5.json#0","nan,nan,nan,nan,nan,nan",,,0
V,frac_confined_post,"0,1,2,3,4,5","V_s0.json,V_s1.json,V_s2.json,V_s3.json,V_s4.json,V_s5.json","V_s0.json#0,V_s1.json#0,V_s2.json#0,V_s3.json#0,V_s4.json#0,V_s5.json#0","0.0000,0.0000,0.0000,0.0000,0.0000,0.0000",0.0,0.0,6
V,bump_follow_wedges_per_s,"0,1,2,3,4,5","V_s0.json,V_s1.json,V_s2.json,V_s3.json,V_s4.json,V_s5.json","V_s0.json#0,V_s1.json#0,V_s2.json#0,V_s3.json#0,V_s4.json#0,V_s5.json#0","6.9784,9.9647,2.2605,-1.5135,2.7974,2.8349",3.887096120319036,4.014969924137485,6
V,bump_follow_confined_frac,"0,1,2,3,4,5","V_s0.json,V_s1.json,V_s2.json,V_s3.json,V_s4.json,V_s5.json","V_s0.json#0,V_s1.json#0,V_s2.json#0,V_s3.json#0,V_s4.json#0,V_s5.json#0","0.0000,0.0000,0.0000,0.0000,0.0000,0.0000",0.0,0.0,6
V,bump_follow_ideal_wedges_per_s,"0,1,2,3,4,5","V_s0.json,V_s1.json,V_s2.json,V_s3.json,V_s4.json,V_s5.json","V_s0.json#0,V_s1.json#0,V_s2.json#0,V_s3.json#0,V_s4.json#0,V_s5.json#0","4.0000,4.0000,4.0000,4.0000,4.0000,4.0000",4.0,0.0,6
V,GLNO_LR_hz,"0,1,2,3,4,5","V_s0.json,V_s1.json,V_s2.json,V_s3.json,V_s4.json,V_s5.json","V_s0.json#0,V_s1.json#0,V_s2.json#0,V_s3.json#0,V_s4.json#0,V_s5.json#0","2.0053,2.6428,2.2497,0.8462,2.6170,2.9488",2.2182983458042145,0.7485849671359102,6
V,PEN_LR_hz,"0,1,2,3,4,5","V_s0.json,V_s1.json,V_s2.json,V_s3.json,V_s4.json,V_s5.json","V_s0.json#0,V_s1.json#0,V_s2.json#0,V_s3.json#0,V_s4.json#0,V_s5.json#0","0.0306,0.0823,0.0379,0.0327,-0.0154,-0.0472",0.02014548098668456,0.04527489228960457,6
V,DNa02_LR_hz,"0,1,2,3,4,5","V_s0.json,V_s1.json,V_s2.json,V_s3.json,V_s4.json,V_s5.json","V_s0.json#0,V_s1.json#0,V_s2.json#0,V_s3.json#0,V_s4.json#0,V_s5.json#0","0.0000,0.0000,0.0000,0.0000,0.0000,0.0000",0.0,0.0,6
V,PS196b_LR_hz,"0,1,2,3,4,5","V_s0.json,V_s1.json,V_s2.json,V_s3.json,V_s4.json,V_s5.json","V_s0.json#0,V_s1.json#0,V_s2.json#0,V_s3.json#0,V_s4.json#0,V_s5.json#0","-18.6666,-18.0815,-18.3178,-14.8798,-19.9797,-19.0456",-18.16184933980306,1.7402811389047967,6
V,AFF_LR_hz,"0,1,2,3,4,5","V_s0.json,V_s1.json,V_s2.json,V_s3.json,V_s4.json,V_s5.json","V_s0.json#0,V_s1.json#0,V_s2.json#0,V_s3.json#0,V_s4.json#0,V_s5.json#0","43.3540,43.4948,41.8607,38.0538,45.3305,43.5896",42.61391957600912,2.4906894507317,6
V,GLNO_LR_hz_rest,"0,1,2,3,4,5","V_s0.json,V_s1.json,V_s2.json,V_s3.json,V_s4.json,V_s5.json","V_s0.json#0,V_s1.json#0,V_s2.json#0,V_s3.json#0,V_s4.json#0,V_s5.json#0","0.3403,0.0200,0.1669,0.0091,0.0781,0.1349",0.12487079001342256,0.12235589126087472,6
V,PEN_LR_hz_rest,"0,1,2,3,4,5","V_s0.json,V_s1.json,V_s2.json,V_s3.json,V_s4.json,V_s5.json","V_s0.json#0,V_s1.json#0,V_s2.json#0,V_s3.json#0,V_s4.json#0,V_s5.json#0","0.0322,0.0001,0.0201,0.0000,-0.0000,-0.0101",0.0070552335868718785,0.015765248303023904,6
V,PEN_mean_post,"0,1,2,3,4,5","V_s0.json,V_s1.json,V_s2.json,V_s3.json,V_s4.json,V_s5.json","V_s0.json#0,V_s1.json#0,V_s2.json#0,V_s3.json#0,V_s4.json#0,V_s5.json#0","0.1258,0.1791,0.0803,0.0376,0.0720,0.0860",0.09681095803777377,0.04924117496430783,6
V,GLNO_mean_post,"0,1,2,3,4,5","V_s0.json,V_s1.json,V_s2.json,V_s3.json,V_s4.json,V_s5.json","V_s0.json#0,V_s1.json#0,V_s2.json#0,V_s3.json#0,V_s4.json#0,V_s5.json#0","0.9325,1.6952,1.0343,0.3432,1.1049,0.9511",1.0101922551790874,0.43200182286959643,6
V,PS196b_L_hz_turn,"0,1,2,3,4,5","V_s0.json,V_s1.json,V_s2.json,V_s3.json,V_s4.json,V_s5.json","V_s0.json#0,V_s1.json#0,V_s2.json#0,V_s3.json#0,V_s4.json#0,V_s5.json#0","0.0000,0.0000,0.0000,0.0000,0.0000,0.0000",0.0,0.0,6
V,PS196b_R_hz_turn,"0,1,2,3,4,5","V_s0.json,V_s1.json,V_s2.json,V_s3.json,V_s4.json,V_s5.json","V_s0.json#0,V_s1.json#0,V_s2.json#0,V_s3.json#0,V_s4.json#0,V_s5.json#0","18.6666,18.0815,18.3178,14.8798,19.9797,19.0456",18.16184933980306,1.7402811389047967,6
V,epg_in_mean_post,"0,1,2,3,4,5","V_s0.json,V_s1.json,V_s2.json,V_s3.json,V_s4.json,V_s5.json","V_s0.json#0,V_s1.json#0,V_s2.json#0,V_s3.json#0,V_s4.json#0,V_s5.json#0","10.1509,10.5849,10.7638,10.1677,10.7274,11.3695",10.627357959747314,0.4515411461356815,6
V,epg_out_mean_post,"0,1,2,3,4,5","V_s0.json,V_s1.json,V_s2.json,V_s3.json,V_s4.json,V_s5.json","V_s0.json#0,V_s1.json#0,V_s2.json#0,V_s3.json#0,V_s4.json#0,V_s5.json#0","9.7026,10.1383,9.7743,9.9184,9.9442,9.7129",9.86512549718221,0.16827517302426798,6
V,vs_post_all,"0,1,2,3,4,5","V_s0.json,V_s1.json,V_s2.json,V_s3.json,V_s4.json,V_s5.json","V_s0.json#0,V_s1.json#0,V_s2.json#0,V_s3.json#0,V_s4.json#0,V_s5.json#0","0.1084,0.1044,0.1152,0.1050,0.1035,0.1067",0.1072097288982299,0.004303228293963203,6
V,GLNO_L_hz_turn,"0,1,2,3,4,5","V_s0.json,V_s1.json,V_s2.json,V_s3.json,V_s4.json,V_s5.json","V_s0.json#0,V_s1.json#0,V_s2.json#0,V_s3.json#0,V_s4.json#0,V_s5.json#0","2.3370,3.9572,2.3583,0.8470,3.1106,2.9488",2.5931480824947357,1.041607347941219,6
V,GLNO_R_hz_turn,"0,1,2,3,4,5","V_s0.json,V_s1.json,V_s2.json,V_s3.json,V_s4.json,V_s5.json","V_s0.json#0,V_s1.json#0,V_s2.json#0,V_s3.json#0,V_s4.json#0,V_s5.json#0","0.3316,1.3144,0.1086,0.0008,0.4936,0.0000",0.374849779779197,0.5000013679308313,6
V,PEN_L_hz_turn,"0,1,2,3,4,5","V_s0.json,V_s1.json,V_s2.json,V_s3.json,V_s4.json,V_s5.json","V_s0.json#0,V_s1.json#0,V_s2.json#0,V_s3.json#0,V_s4.json#0,V_s5.json#0","0.1727,0.3061,0.0892,0.0493,0.0967,0.0764",0.13173719060917696,0.09483913805661558,6
V,PEN_R_hz_turn,"0,1,2,3,4,5","V_s0.json,V_s1.json,V_s2.json,V_s3.json,V_s4.json,V_s5.json","V_s0.json#0,V_s1.json#0,V_s2.json#0,V_s3.json#0,V_s4.json#0,V_s5.json#0","0.1420,0.2238,0.0513,0.0166,0.1121,0.1237",0.11159171567608912,0.07257760746261135,6
V,DNa02_L_hz_turn,"0,1,2,3,4,5","V_s0.json,V_s1.json,V_s2.json,V_s3.json,V_s4.json,V_s5.json","V_s0.json#0,V_s1.json#0,V_s2.json#0,V_s3.json#0,V_s4.json#0,V_s5.json#0","0.0000,0.0000,0.0000,0.0000,0.0000,0.0000",0.0,0.0,6
V,DNa02_R_hz_turn,"0,1,2,3,4,5","V_s0.json,V_s1.json,V_s2.json,V_s3.json,V_s4.json,V_s5.json","V_s0.json#0,V_s1.json#0,V_s2.json#0,V_s3.json#0,V_s4.json#0,V_s5.json#0","0.0000,0.0000,0.0000,0.0000,0.0000,0.0000",0.0,0.0,6
V,AFF_L_hz_turn,"0,1,2,3,4,5","V_s0.json,V_s1.json,V_s2.json,V_s3.json,V_s4.json,V_s5.json","V_s0.json#0,V_s1.json#0,V_s2.json#0,V_s3.json#0,V_s4.json#0,V_s5.json#0","43.3540,43.4948,41.8607,38.0538,45.3305,43.5896",42.61391957600912,2.4906894507317,6
V,AFF_R_hz_turn,"0,1,2,3,4,5","V_s0.json,V_s1.json,V_s2.json,V_s3.json,V_s4.json,V_s5.json","V_s0.json#0,V_s1.json#0,V_s2.json#0,V_s3.json#0,V_s4.json#0,V_s5.json#0","0.0000,0.0000,0.0000,0.0000,0.0000,0.0000",0.0,0.0,6
V,ExR6_mean_pre,"0,1,2,3,4,5","V_s0.json,V_s1.json,V_s2.json,V_s3.json,V_s4.json,V_s5.json","V_s0.json#0,V_s1.json#0,V_s2.json#0,V_s3.json#0,V_s4.json#0,V_s5.json#0","43.7379,45.3444,42.1818,47.8920,46.6033,43.0856",44.807512283325195,2.192279906789913,6
V,ExR6_mean_during,"0,1,2,3,4,5","V_s0.json,V_s1.json,V_s2.json,V_s3.json,V_s4.json,V_s5.json","V_s0.json#0,V_s1.json#0,V_s2.json#0,V_s3.json#0,V_s4.json#0,V_s5.json#0","85.4781,85.9230,88.0208,83.8503,82.0473,84.8784",85.03297297159831,2.01266107141052,6
V,ExR6_mean_post,"0,1,2,3,4,5","V_s0.json,V_s1.json,V_s2.json,V_s3.json,V_s4.json,V_s5.json","V_s0.json#0,V_s1.json#0,V_s2.json#0,V_s3.json#0,V_s4.json#0,V_s5.json#0","40.8544,42.4846,41.6096,41.7459,42.4372,42.5230",41.9424680074056,0.6646677056844019,6
V,ER6_mean_pre,"0,1,2,3,4,5","V_s0.json,V_s1.json,V_s2.json,V_s3.json,V_s4.json,V_s5.json","V_s0.json#0,V_s1.json#0,V_s2.json#0,V_s3.json#0,V_s4.json#0,V_s5.json#0","23.7748,25.5536,23.3792,27.4446,26.0716,24.4437",25.11123243967692,1.5358610770719494,6
V,ER6_mean_during,"0,1,2,3,4,5","V_s0.json,V_s1.json,V_s2.json,V_s3.json,V_s4.json,V_s5.json","V_s0.json#0,V_s1.json#0,V_s2.json#0,V_s3.json#0,V_s4.json#0,V_s5.json#0","52.3325,52.9797,53.0667,51.2811,49.7822,51.9309",51.89552879333496,1.2315088883677103,6
V,ER6_mean_post,"0,1,2,3,4,5","V_s0.json,V_s1.json,V_s2.json,V_s3.json,V_s4.json,V_s5.json","V_s0.json#0,V_s1.json#0,V_s2.json#0,V_s3.json#0,V_s4.json#0,V_s5.json#0","23.8325,23.9525,23.7499,23.7594,24.5535,24.5264",24.06235631306966,0.37705779137854806,6
V,ER4m_mean_pre,"0,1,2,3,4,5","V_s0.json,V_s1.json,V_s2.json,V_s3.json,V_s4.json,V_s5.json","V_s0.json#0,V_s1.json#0,V_s2.json#0,V_s3.json#0,V_s4.json#0,V_s5.json#0","2.5101,2.7512,2.3310,3.6510,3.1330,2.3862",2.793740709622701,0.5123410432446291,6
V,ER4m_mean_during,"0,1,2,3,4,5","V_s0.json,V_s1.json,V_s2.json,V_s3.json,V_s4.json,V_s5.json","V_s0.json#0,V_s1.json#0,V_s2.json#0,V_s3.json#0,V_s4.json#0,V_s5.json#0","11.8569,12.3013,12.7174,11.1946,10.8904,11.5263",11.747798283894857,0.6853893072071211,6
V,ER4m_mean_post,"0,1,2,3,4,5","V_s0.json,V_s1.json,V_s2.json,V_s3.json,V_s4.json,V_s5.json","V_s0.json#0,V_s1.json#0,V_s2.json#0,V_s3.json#0,V_s4.json#0,V_s5.json#0","2.6310,2.9999,2.7259,2.5946,2.9488,2.8508",2.791834910710653,0.16764489527536472,6
