arm,seed,file,run_id,device,device_name,cuda_visible,preset,instruments,md5,wall_s,survival_s,bump_hz_post,width_half_post,frac_confined_post,bump_follow_wedges_per_s,bump_follow_confined_frac,bump_follow_ideal_wedges_per_s,GLNO_LR_hz,PEN_LR_hz,DNa02_LR_hz,PS196b_LR_hz,AFF_LR_hz,GLNO_LR_hz_rest,PEN_LR_hz_rest,PEN_mean_post,GLNO_mean_post,PS196b_L_hz_turn,PS196b_R_hz_turn,epg_in_mean_post,epg_out_mean_post,vs_post_all,GLNO_L_hz_turn,GLNO_R_hz_turn,PEN_L_hz_turn,PEN_R_hz_turn,DNa02_L_hz_turn,DNa02_R_hz_turn,AFF_L_hz_turn,AFF_R_hz_turn,ExR6_mean_pre,ExR6_mean_during,ExR6_mean_post,ER6_mean_pre,ER6_mean_during,ER6_mean_post,ER4m_mean_pre,ER4m_mean_during,ER4m_mean_post,checks
S,0,S_s0.json,S_s0.json#0,cuda,NVIDIA B200,,raw,,ef23cc27bea13be7f6a96f3c04fd3737,45.6,0.0,,,0.0,6.964486266304056,0.0,4.0,-0.0018265284597873688,0.03219839930534363,0.0,0.0,,-3.4180349637310343e-16,-0.0002873176708817482,0.03622664511203766,0.0814034715294838,0.0,0.0,10.150867462158203,9.612883567810059,0.10372947088180101,8.744770525481727e-07,0.0018274030881002545,0.03232498839497566,0.00012658776540774852,0.0,0.0,,,43.737911224365234,85.47807312011719,41.32012939453125,23.774778366088867,52.332515716552734,23.08740234375,2.510136365890503,11.856860160827637,2.445664644241333,
S,1,S_s1.json,S_s1.json#0,cuda,NVIDIA B200,,raw,,ef23cc27bea13be7f6a96f3c04fd3737,59.7,0.0,,,0.0,2.2765145228412513,0.0,4.0,-0.0014039597008377314,0.00023485931160394102,0.0,0.0,,-2.6272788854923097e-16,4.3949872802730774e-17,0.020272260531783104,0.11147316545248032,0.0,0.0,10.389765739440918,9.921070098876953,0.10011672512827413,0.0005498316022567451,0.0019537911284714937,0.0003450813819654286,0.00011022204853361472,0.0,0.0,,,45.34444808959961,85.92298889160156,42.619476318359375,25.553590774536133,52.979698181152344,23.255640029907227,2.7511770725250244,12.301335334777832,2.650881290435791,
S,2,S_s2.json,S_s2.json#0,cuda,NVIDIA B200,,raw,,ef23cc27bea13be7f6a96f3c04fd3737,40.5,0.0,,,0.0,2.2605254946981335,0.0,4.0,0.0015227508265525103,0.03931226208806038,0.0,0.0,,2.849770617934373e-16,0.020183121785521507,0.06187635660171509,0.33477920293807983,0.0,0.0,10.763790130615234,9.774291038513184,0.11523714729833205,0.11010657250881195,0.10858381539583206,0.05908486619591713,0.0197726022452116,0.0,0.0,,,42.181800842285156,88.02079010009766,42.50554656982422,23.379188537597656,53.066734313964844,23.677810668945312,2.330993890762329,12.717406272888184,2.72218656539917,
S,3,S_s3.json,S_s3.json#0,cuda,NVIDIA B200,,raw,,ef23cc27bea13be7f6a96f3c04fd3737,52.7,0.0,,,0.0,-1.5170316791082932,0.0,4.0,0.0003167291870340705,0.03327946364879608,0.0,0.0,,5.927115033645437e-17,2.1524326917175818e-14,0.04740413650870323,0.08810531347990036,0.0,0.0,10.167732238769531,9.912832260131836,0.10496649306852276,0.0011477615917101502,0.0008310325210914016,0.06585586816072464,0.03257640823721886,0.0,0.0,,,47.89202117919922,83.85025024414062,42.36014938354492,27.444616317749023,51.28111267089844,23.39030647277832,3.6509954929351807,11.194552421569824,2.591993808746338,
S,4,S_s4.json,S_s4.json#0,cuda,NVIDIA B200,,raw,,ef23cc27bea13be7f6a96f3c04fd3737,77.5,0.0,,,0.0,2.848747440227621,0.0,4.0,0.0001945422700373456,7.48194070183672e-05,0.0,0.0,,3.640535365025917e-17,1.4001194883401243e-17,0.0093920873478055,0.011950095184147358,0.0,0.0,10.710079193115234,9.910940170288086,0.10253889125675644,0.00023146739113144577,3.692512109410018e-05,0.00014288017700891942,6.806078454246745e-05,0.0,0.0,,,46.60325622558594,82.0473403930664,42.81235122680664,26.071565628051758,49.782188415527344,23.924028396606445,3.132979393005371,10.890358924865723,2.858109474182129,
S,5,S_s5.json,S_s5.json#0,cuda,NVIDIA B200,,raw,,ef23cc27bea13be7f6a96f3c04fd3737,61.4,0.0,,,0.0,2.8004094337446257,0.0,4.0,0.0010218559764325619,-0.004071355797350407,0.0,0.0,,1.9122299503346844e-16,-7.618846955337658e-16,0.02287607081234455,0.0465184710919857,0.0,0.0,11.369462966918945,9.645230293273926,0.10466012532484259,0.0010333178797736764,1.1461993381089997e-05,0.00021893513621762395,0.004290290642529726,0.0,0.0,,,43.085636138916016,84.8783950805664,42.921661376953125,24.443655014038086,51.93092346191406,24.00865936279297,2.386162042617798,11.526276588439941,2.863872528076172,
V-,0,V-_s0.json,V-_s0.json#0,cuda,NVIDIA B200,,instrumented,sided_turn_afferent,ef23cc27bea13be7f6a96f3c04fd3737,89.8,0.0,,,0.0,6.964486266304056,0.0,4.0,-1.4626951217651367,0.04659542813897133,0.0,18.139333724975586,-44.65226745605469,-0.048899829387664795,0.03132626414299011,0.03594354912638664,0.5269989967346191,18.139333724975586,0.0,10.150867462158203,9.607048034667969,0.10393043365071933,8.744770525481727e-07,1.4626960754394531,0.046722009778022766,0.00012658776540774852,0.0,0.0,0.0,44.65226745605469,43.737911224365234,85.47807312011719,41.128902435302734,23.774778366088867,52.332515716552734,23.296844482421875,2.510136365890503,11.856860160827637,2.4345531463623047,
V-,1,V-_s1.json,V-_s1.json#0,cuda,NVIDIA B200,,instrumented,sided_turn_afferent,ef23cc27bea13be7f6a96f3c04fd3737,75.7,0.0,,,0.0,2.2765145228412513,0.0,4.0,-1.7746840715408325,0.00023485931160394102,0.0,16.961923599243164,-41.9163932800293,-0.08088457584381104,0.027097351849079132,0.024336865171790123,0.6555898189544678,16.961923599243164,0.0,10.389765739440918,9.921070098876953,0.10011672512827413,0.0005498316022567451,1.7752339839935303,0.0003450813819654286,0.00011022204853361472,0.0,0.0,0.0,41.9163932800293,45.34444808959961,85.92298889160156,42.166996002197266,25.553590774536133,52.979698181152344,23.17540740966797,2.7511770725250244,12.301335334777832,2.7173373699188232,
V-,2,V-_s2.json,V-_s2.json#0,cuda,NVIDIA B200,,instrumented,sided_turn_afferent,ef23cc27bea13be7f6a96f3c04fd3737,89.8,0.0,,,0.0,2.263558742256427,0.0,4.0,-2.3811194896698,0.08516143262386322,0.0,17.81069564819336,-42.567283630371094,-0.2539295256137848,0.020946377888321877,0.10433419048786163,1.0876613855361938,17.81069564819336,0.0,10.763790130615234,9.846065521240234,0.11788757439837422,0.11010657250881195,2.4912259578704834,0.15258170664310455,0.06742027401924133,0.0,0.0,0.0,42.567283630371094,42.181800842285156,88.02079010009766,42.420772552490234,23.379188537597656,53.066734313964844,24.249595642089844,2.330993890762329,12.717406272888184,2.827648878097534,
V-,3,V-_s3.json,V-_s3.json#0,cuda,NVIDIA B200,,instrumented,sided_turn_afferent,ef23cc27bea13be7f6a96f3c04fd3737,86.4,0.0,,,0.0,-1.5170316791082932,0.0,4.0,-2.120272636413574,0.032464731484651566,0.0,18.357481002807617,-44.974185943603516,-0.0028435667045414448,0.03133859485387802,0.03238543123006821,0.7247086763381958,18.357481002807617,0.0,10.167732238769531,9.912832260131836,0.10496649306852276,0.0011477615917101502,2.121420383453369,0.03258272260427475,0.00011798827472375706,0.0,0.0,0.0,44.974185943603516,47.89202117919922,83.85025024414062,42.3549690246582,27.444616317749023,51.28111267089844,23.686159133911133,3.6509954929351807,11.194552421569824,2.5951344966888428,
V-,4,V-_s4.json,V-_s4.json#0,cuda,NVIDIA B200,,instrumented,sided_turn_afferent,ef23cc27bea13be7f6a96f3c04fd3737,51.4,0.0,,,0.0,2.848747440227621,0.0,4.0,-3.165841579437256,0.015315341763198376,0.0,18.946781158447266,-47.00125503540039,-0.1298636943101883,8.372876618523151e-05,0.013976803980767727,0.9812403917312622,18.946781158447266,0.0,10.710079193115234,9.910940170288086,0.10253889125675644,0.00023146739113144577,3.1660730838775635,0.015383402816951275,6.806078454246745e-05,0.0,0.0,0.0,47.00125503540039,46.60325622558594,82.0473403930664,42.10080337524414,26.071565628051758,49.782188415527344,23.787080764770508,3.132979393005371,10.890358924865723,2.9234189987182617,
V-,5,V-_s5.json,V-_s5.json#0,cuda,NVIDIA B200,,instrumented,sided_turn_afferent,ef23cc27bea13be7f6a96f3c04fd3737,58.5,0.0,,,0.0,2.8021392131639673,0.0,4.0,-1.4946112632751465,0.010976643301546574,0.0,17.820377349853516,-44.41516876220703,-0.0014302149647846818,3.371046091160679e-07,0.037274107336997986,0.49542295932769775,17.820377349853516,0.0,11.511984825134277,9.656512260437012,0.10604815934240137,0.0010333178797736764,1.4956445693969727,0.03173941746354103,0.020762773230671883,0.0,0.0,0.0,44.41516876220703,43.085636138916016,84.8783950805664,43.03876495361328,24.443655014038086,51.93092346191406,24.19654083251953,2.386162042617798,11.526276588439941,2.9356167316436768,
V,0,V_s0.json,V_s0.json#0,cuda,NVIDIA B200,,instrumented,sided_turn_afferent,ef23cc27bea13be7f6a96f3c04fd3737,96.0,0.0,,,0.0,6.9784489974766855,0.0,4.0,2.0053117275238037,0.030642788857221603,0.0,-18.6666202545166,43.35404968261719,0.3402821123600006,0.03219732269644737,0.1257757544517517,0.9325148463249207,0.0,18.6666202545166,10.150867462158203,9.702610969543457,0.10841415014666825,2.3369569778442383,0.3316453993320465,0.17265748977661133,0.14201472699642181,0.0,0.0,43.35404968261719,0.0,43.737911224365234,85.47807312011719,40.85444641113281,23.774778366088867,52.332515716552734,23.832490921020508,2.510136365890503,11.856860160827637,2.6309733390808105,
V,1,V_s1.json,V_s1.json#0,cuda,NVIDIA B200,,instrumented,sided_turn_afferent,ef23cc27bea13be7f6a96f3c04fd3737,45.0,0.0,,,0.0,9.964696534164748,0.0,4.0,2.642803192138672,0.08226513862609863,0.0,-18.08147430419922,43.49484634399414,0.01995646022260189,0.00012086200149497017,0.17914332449436188,1.695192813873291,0.0,18.08147430419922,10.584884643554688,10.138324737548828,0.1044310081251779,3.9571948051452637,1.3143916130065918,0.3061147928237915,0.22384966909885406,0.0,0.0,43.49484634399414,0.0,45.34444808959961,85.92298889160156,42.48456573486328,25.553590774536133,52.979698181152344,23.952486038208008,2.7511770725250244,12.301335334777832,2.9998879432678223,
V,2,V_s2.json,V_s2.json#0,cuda,NVIDIA B200,,instrumented,sided_turn_afferent,ef23cc27bea13be7f6a96f3c04fd3737,79.1,0.0,,,0.0,2.2605254946981335,0.0,4.0,2.24971079826355,0.037921320647001266,0.0,-18.317821502685547,41.86071014404297,0.1668662279844284,0.020082412287592888,0.08034512400627136,1.0342655181884766,0.0,18.317821502685547,10.763790130615234,9.774291038513184,0.11523714729833205,2.3582942485809326,0.10858381539583206,0.08919364213943481,0.051272328943014145,0.0,0.0,41.86071014404297,0.0,42.181800842285156,88.02079010009766,41.60962677001953,23.379188537597656,53.066734313964844,23.749868392944336,2.330993890762329,12.717406272888184,2.7259268760681152,
V,3,V_s3.json,V_s3.json#0,cuda,NVIDIA B200,,instrumented,sided_turn_afferent,ef23cc27bea13be7f6a96f3c04fd3737,45.2,0.0,,,0.0,-1.5134688169979487,0.0,4.0,0.8461684584617615,0.03270715847611427,0.0,-14.879838943481445,38.05379867553711,0.00914831180125475,7.262527645934824e-08,0.03764096647500992,0.34323304891586304,0.0,14.879838943481445,10.167732238769531,9.918444633483887,0.10504652311425437,0.84699946641922,0.0008310325210914016,0.04929779842495918,0.01659063808619976,0.0,0.0,38.05379867553711,0.0,47.89202117919922,83.85025024414062,41.74591064453125,27.444616317749023,51.28111267089844,23.759418487548828,3.6509954929351807,11.194552421569824,2.5946147441864014,
V,4,V_s4.json,V_s4.json#0,cuda,NVIDIA B200,,instrumented,sided_turn_afferent,ef23cc27bea13be7f6a96f3c04fd3737,51.1,0.0,,,0.0,2.797441260497622,0.0,4.0,2.616980791091919,-0.015418793074786663,0.0,-19.979726791381836,45.330509185791016,0.07807417213916779,-1.213372229358356e-07,0.07198702543973923,1.104856252670288,0.0,19.979726791381836,10.727410316467285,9.944219589233398,0.10346846936258461,3.110616445541382,0.493635356426239,0.09672092646360397,0.11213971674442291,0.0,0.0,45.330509185791016,0.0,46.60325622558594,82.0473403930664,42.43724822998047,26.071565628051758,49.782188415527344,24.553476333618164,3.132979393005371,10.890358924865723,2.948831558227539,
V,5,V_s5.json,V_s5.json#0,cuda,NVIDIA B200,,instrumented,sided_turn_afferent,ef23cc27bea13be7f6a96f3c04fd3737,70.2,0.0,,,0.0,2.834933252074979,0.0,4.0,2.948815107345581,-0.04724472761154175,0.0,-19.04561424255371,43.589603424072266,0.13489745557308197,-0.010069146752357483,0.08597355335950851,0.9510910511016846,0.0,19.04561424255371,11.369462966918945,9.712862014770508,0.10666107534236224,2.948826551437378,1.1461993381089997e-05,0.07643849402666092,0.12368321418762207,0.0,0.0,43.589603424072266,0.0,43.085636138916016,84.8783950805664,42.52301025390625,24.443655014038086,51.93092346191406,24.526397705078125,2.386162042617798,11.526276588439941,2.8507750034332275,
